ticker,date,open,high,low,close
UMA,2020-05-25,1.352,1.382,1.351,1.374
UMA,2020-05-26,1.374,1.374,1.354,1.368
UMA,2020-05-27,1.368,1.43,1.368,1.374
UMA,2020-05-28,1.374,1.456,1.364,1.364
UMA,2020-05-29,1.364,1.368,1.353,1.368
UMA,2020-05-30,1.368,1.514,1.368,1.481
UMA,2020-05-31,1.481,1.481,1.373,1.373
UMA,2020-06-01,1.373,1.479,1.373,1.462
UMA,2020-06-02,1.462,1.462,1.4,1.401
UMA,2020-06-03,1.401,1.453,1.401,1.453
UMA,2020-06-04,1.453,1.504,1.437,1.494
UMA,2020-06-05,1.494,1.494,1.471,1.479
UMA,2020-06-06,1.479,1.495,1.464,1.465
UMA,2020-06-07,1.465,1.481,1.424,1.456
UMA,2020-06-08,1.456,1.486,1.456,1.471
UMA,2020-06-09,1.471,1.502,1.451,1.492
UMA,2020-06-10,1.492,1.555,1.404,1.409
UMA,2020-06-11,1.409,1.409,1.278,1.28
UMA,2020-06-12,1.28,1.331,1.28,1.295
UMA,2020-06-13,1.295,1.3,1.284,1.293
UMA,2020-06-14,1.293,1.293,1.243,1.252
UMA,2020-06-15,1.252,1.257,1.237,1.247
UMA,2020-06-16,1.247,1.278,1.247,1.261
UMA,2020-06-17,1.261,1.333,1.246,1.321
UMA,2020-06-18,1.321,1.353,1.307,1.353
UMA,2020-06-19,1.353,1.353,1.203,1.316
UMA,2020-06-20,1.316,1.357,1.316,1.355
UMA,2020-06-21,1.355,1.435,1.337,1.433
UMA,2020-06-22,1.433,1.777,1.433,1.777
UMA,2020-06-23,1.777,1.91,1.745,1.903
UMA,2020-06-24,1.903,2.112,1.836,2.112
UMA,2020-06-25,2.112,2.235,2.087,2.206
UMA,2020-06-26,2.206,2.347,2.173,2.297
UMA,2020-06-27,2.297,2.371,2.196,2.23
UMA,2020-06-28,2.23,2.284,1.711,1.941
UMA,2020-06-29,1.941,1.969,1.832,1.839
UMA,2020-06-30,1.839,1.947,1.821,1.947
UMA,2020-07-01,1.947,2.07,1.947,2.07
UMA,2020-07-02,2.07,2.153,1.915,2.146
UMA,2020-07-03,2.146,2.146,2.133,2.135
UMA,2020-07-04,2.135,2.181,2.135,2.16
UMA,2020-07-05,2.16,2.16,2.107,2.107
UMA,2020-07-06,2.107,2.279,2.107,2.257
UMA,2020-07-07,2.257,2.257,2.146,2.146
UMA,2020-07-08,2.146,2.216,2.133,2.205
UMA,2020-07-09,2.205,2.205,1.93,1.944
UMA,2020-07-10,1.944,2.06,1.937,2.06
UMA,2020-07-12,2.043,2.074,1.957,1.957
UMA,2020-07-13,1.957,2.01,1.77,1.786
UMA,2020-07-14,1.786,1.793,1.654,1.717
UMA,2020-07-15,1.717,1.827,1.697,1.805
UMA,2020-07-17,1.769,1.883,1.763,1.883
UMA,2020-07-18,1.883,1.907,1.846,1.846
UMA,2020-07-19,1.846,1.924,1.846,1.897
UMA,2020-07-20,1.897,2.095,1.872,2.095
UMA,2020-07-21,2.095,2.224,2.08,2.111
UMA,2020-07-22,2.111,2.552,2.111,2.503
UMA,2020-07-23,2.503,2.941,2.503,2.941
UMA,2020-07-24,2.941,3.621,2.941,3.607
UMA,2020-07-25,3.607,4.643,3.607,4.331
UMA,2020-07-26,4.331,4.414,3.896,4.086
UMA,2020-07-28,4.23,4.251,3.794,3.794
UMA,2020-07-29,3.794,3.953,3.794,3.867
UMA,2020-07-30,3.867,4.164,3.867,4.164
UMA,2020-07-31,4.609,4.695,3.854,4.21
UMA,2020-08-01,4.21,5.29,3.89,4.3
UMA,2020-08-02,4.3,4.853,3.999,4.853
UMA,2020-08-03,4.853,4.855,4.04,4.55
UMA,2020-08-04,4.55,4.55,4.13,4.15
UMA,2020-08-05,4.15,4.407,3.804,4.23
UMA,2020-08-06,4.23,4.529,4.052,4.052
UMA,2020-08-07,4.052,4.529,4.0,4.347
UMA,2020-08-08,4.347,4.53,4.202,4.53
UMA,2020-08-09,4.53,4.94,4.203,4.23
UMA,2020-08-10,4.23,5.606,4.23,5.586
UMA,2020-08-11,5.586,6.097,4.998,5.697
UMA,2020-08-12,5.697,6.55,4.875,5.76
UMA,2020-08-13,5.76,6.653,5.555,6.608
UMA,2020-08-14,6.608,8.008,6.602,7.265
UMA,2020-08-15,7.235,8.432,6.546,7.437
UMA,2020-08-16,7.164,8.109,6.265,7.571
UMA,2020-08-17,7.532,7.532,6.365,6.853
UMA,2020-08-18,7.136,8.889,7.129,7.322
UMA,2020-08-19,7.324,8.814,6.938,6.974
UMA,2020-08-20,6.974,7.609,6.974,7.16
UMA,2020-08-21,7.186,7.233,6.381,6.542
UMA,2020-08-22,6.542,6.583,6.036,6.315
UMA,2020-08-23,6.549,6.549,6.291,6.373
UMA,2020-08-24,6.373,6.969,6.373,6.896
UMA,2020-08-25,6.762,6.994,5.756,6.557
UMA,2020-08-26,6.557,7.14,6.383,7.083
UMA,2020-08-27,7.083,8.602,6.968,8.559
UMA,2020-08-28,8.559,12.82,8.368,12.21
UMA,2020-08-29,12.21,19.4,10.57,10.57
UMA,2020-08-30,10.57,17.18,10.47,15.79
UMA,2020-08-31,15.79,24.27,15.69,22.21
UMA,2020-09-01,22.21,28.03,20.53,24.5
UMA,2020-09-02,24.5,25.14,18.09,23.49
UMA,2020-09-03,23.49,24.39,16.44,16.92
UMA,2020-09-04,16.92,19.18,16.23,18.4
UMA,2020-09-05,18.4,19.91,9.889,12.24
UMA,2020-09-06,12.03,16.56,11.08,15.89
UMA,2020-09-07,16.26,16.48,13.67,15.15
UMA,2020-09-08,15.15,17.04,14.02,15.58
UMA,2020-09-09,15.58,18.0,15.12,16.17
UMA,2020-09-10,16.24,17.49,15.93,16.97
UMA,2020-09-11,16.97,18.19,15.3,17.65
UMA,2020-09-12,17.65,19.9,17.2,18.83
UMA,2020-09-13,18.83,19.32,15.85,17.21
UMA,2020-09-14,17.21,17.97,16.33,17.31
UMA,2020-09-15,17.57,17.75,15.24,15.91
UMA,2020-09-16,15.91,16.08,14.0,14.39
UMA,2020-09-17,14.39,15.05,12.82,12.86
UMA,2020-09-18,12.86,13.7,11.6,11.65
UMA,2020-09-19,11.65,13.65,11.28,12.5
UMA,2020-09-20,12.5,16.17,12.08,13.2
UMA,2020-09-21,13.2,13.3,10.0,11.18
UMA,2020-09-22,11.18,11.6,10.41,10.82
UMA,2020-09-23,10.82,10.82,8.8,8.921
UMA,2020-09-24,8.921,10.4,8.82,10.29
UMA,2020-09-25,10.29,10.69,9.965,10.37
UMA,2020-09-26,10.37,10.6,10.03,10.47
UMA,2020-09-27,10.47,10.98,9.605,10.03
UMA,2020-09-28,10.03,10.57,9.861,10.0
UMA,2020-09-29,10.02,10.02,9.128,9.512
UMA,2020-09-30,9.504,9.656,8.6,8.879
UMA,2020-10-01,8.879,9.212,8.281,8.447
UMA,2020-10-02,8.447,8.632,7.278,7.835
UMA,2020-10-03,7.835,8.018,7.616,7.951
UMA,2020-10-04,7.951,7.971,6.734,7.051
UMA,2020-10-05,7.051,7.395,6.95,7.178
UMA,2020-10-06,7.178,7.259,6.504,6.53
UMA,2020-10-07,6.53,6.555,5.839,6.01
UMA,2020-10-08,6.01,6.572,5.831,6.572
UMA,2020-10-09,6.572,12.76,6.56,10.0
UMA,2020-10-10,10.0,10.26,8.834,8.939
UMA,2020-10-11,8.939,9.713,8.466,8.78
UMA,2020-10-12,8.78,9.999,8.648,9.442
UMA,2020-10-13,9.442,9.72,8.69,9.207
UMA,2020-10-14,9.207,9.233,8.136,8.372
UMA,2020-10-15,8.372,8.425,7.76,8.17
UMA,2020-10-16,8.17,8.201,7.508,7.618
UMA,2020-10-17,7.618,7.849,7.324,7.444
UMA,2020-10-18,7.444,10.25,7.33,9.164
UMA,2020-10-19,9.164,9.413,8.377,8.549
UMA,2020-10-20,8.549,8.797,8.02,8.085
UMA,2020-10-21,8.085,8.656,7.931,8.151
UMA,2020-10-22,8.151,8.499,7.959,8.209
UMA,2020-10-23,8.209,8.252,7.814,8.045
UMA,2020-10-24,8.045,8.353,7.939,8.238
UMA,2020-10-25,8.26,8.26,7.722,7.818
UMA,2020-10-26,7.818,8.008,7.423,7.684
UMA,2020-10-27,7.684,8.073,7.164,7.239
UMA,2020-10-28,7.257,8.254,6.954,7.151
UMA,2020-10-29,7.151,8.2,7.024,7.249
UMA,2020-10-30,7.249,7.277,6.834,6.866
UMA,2020-10-31,6.858,7.12,6.668,6.748
UMA,2020-11-01,6.748,7.146,6.662,6.895
UMA,2020-11-02,6.924,7.338,6.693,6.864
UMA,2020-11-03,6.864,6.873,6.424,6.61
UMA,2020-11-04,6.623,6.694,6.328,6.638
UMA,2020-11-05,6.638,6.818,6.399,6.771
UMA,2020-11-06,6.779,7.469,6.761,7.445
UMA,2020-11-07,7.445,7.765,6.717,6.89
UMA,2020-11-08,6.89,7.35,6.847,7.2
UMA,2020-11-09,7.2,7.289,6.786,6.956
UMA,2020-11-10,6.956,7.749,6.903,7.606
UMA,2020-11-11,7.606,9.4,7.526,8.506
UMA,2020-11-12,8.506,8.543,7.533,7.72
UMA,2020-11-13,7.72,8.448,7.72,8.176
UMA,2020-11-14,8.176,8.363,7.696,8.185
UMA,2020-11-15,8.173,8.738,7.787,8.324
UMA,2020-11-16,8.405,8.471,7.966,8.31
UMA,2020-11-17,8.31,8.8,8.098,8.151
UMA,2020-11-18,8.151,8.349,7.773,8.026
UMA,2020-11-19,8.026,8.239,7.645,7.794
UMA,2020-11-20,7.794,8.398,7.77,7.962
UMA,2020-11-21,7.962,8.677,7.895,8.495
UMA,2020-11-22,8.495,8.53,7.702,8.134
UMA,2020-11-23,8.134,8.6,8.015,8.518
UMA,2020-11-24,8.518,9.43,8.147,9.085
UMA,2020-11-25,9.085,9.085,8.0,8.322
UMA,2020-11-26,8.322,8.634,7.092,7.593
UMA,2020-11-27,7.593,7.78,7.298,7.607
UMA,2020-11-28,7.607,8.737,7.432,7.988
UMA,2020-11-29,7.988,8.333,7.813,8.118
UMA,2020-11-30,8.173,8.324,7.871,8.103
UMA,2020-12-01,8.167,8.322,7.611,7.8
UMA,2020-12-02,7.8,8.02,7.506,7.918
UMA,2020-12-03,7.918,8.268,7.689,7.928
UMA,2020-12-04,7.928,8.135,7.401,7.401
UMA,2020-12-05,7.401,8.052,7.401,7.824
UMA,2020-12-06,7.824,8.038,7.77,7.925
UMA,2020-12-07,7.925,7.96,7.723,7.803
UMA,2020-12-08,7.803,8.14,7.23,7.315
UMA,2020-12-09,7.276,7.558,6.907,7.53
UMA,2020-12-10,7.533,7.556,7.1,7.212
UMA,2020-12-11,7.212,7.25,6.75,7.028
UMA,2020-12-12,7.067,7.874,7.032,7.268
UMA,2020-12-13,7.268,7.594,7.213,7.5
UMA,2020-12-14,7.5,7.506,7.281,7.355
UMA,2020-12-15,7.355,7.521,7.319,7.449
UMA,2020-12-16,7.39,13.65,7.37,9.15
UMA,2020-12-17,9.184,9.318,8.56,8.6
UMA,2020-12-18,8.6,8.634,8.175,8.432
UMA,2020-12-19,8.471,8.666,7.952,8.144
UMA,2020-12-20,8.144,8.158,7.618,7.764
UMA,2020-12-21,7.764,10.49,7.5,9.338
UMA,2020-12-22,9.338,14.0,8.273,8.993
UMA,2020-12-23,8.993,9.2,7.522,7.846
UMA,2020-12-24,7.846,8.749,7.525,8.182
UMA,2020-12-25,8.182,8.593,7.947,8.105
UMA,2020-12-26,8.105,8.303,7.743,7.839
UMA,2020-12-27,7.839,8.392,7.613,7.888
UMA,2020-12-28,7.888,8.376,7.838,7.901
UMA,2020-12-29,7.901,8.36,7.539,8.006
UMA,2020-12-30,7.98,8.122,7.769,7.858
UMA,2020-12-31,7.864,7.943,7.517,7.596
UMA,2021-01-01,7.596,8.45,7.561,7.907
UMA,2021-01-02,7.907,8.489,7.798,8.269
UMA,2021-01-03,8.269,8.666,7.968,8.361
UMA,2021-01-04,8.361,10.26,8.22,8.813
UMA,2021-01-05,8.813,9.54,8.275,9.253
UMA,2021-01-06,9.253,9.99,8.845,9.702
UMA,2021-01-07,9.702,11.7,9.601,9.957
UMA,2021-01-08,9.957,10.27,8.967,9.657
UMA,2021-01-09,9.657,10.42,9.279,9.762
UMA,2021-01-10,9.762,10.38,8.668,9.449
UMA,2021-01-11,9.449,9.805,7.351,8.372
UMA,2021-01-12,8.372,8.872,8.091,8.179
UMA,2021-01-13,8.179,8.991,7.872,8.93
UMA,2021-01-14,8.93,9.697,8.663,9.211
UMA,2021-01-15,9.208,9.597,8.59,9.295
UMA,2021-01-16,9.295,11.43,9.221,10.36
UMA,2021-01-17,10.36,10.7,9.641,10.34
UMA,2021-01-18,10.34,11.26,9.965,11.06
UMA,2021-01-19,11.0,12.89,11.0,11.51
UMA,2021-01-20,11.59,11.77,10.22,11.43
UMA,2021-01-21,11.43,12.62,9.806,10.88
UMA,2021-01-22,10.88,13.2,9.907,11.42
UMA,2021-01-23,11.42,11.76,11.02,11.14
UMA,2021-01-24,11.14,11.76,11.1,11.54
UMA,2021-01-25,11.54,12.2,10.79,10.88
UMA,2021-01-26,10.88,11.2,10.25,11.08
UMA,2021-01-27,11.08,11.09,9.778,9.951
UMA,2021-01-28,9.951,10.8,9.792,10.51
UMA,2021-01-29,10.51,10.99,10.2,10.72
UMA,2021-01-30,10.72,11.45,10.28,11.21
UMA,2021-01-31,11.21,12.03,10.61,11.08
UMA,2021-02-01,11.08,11.33,10.79,11.24
UMA,2021-02-02,11.25,18.88,11.25,16.65
UMA,2021-02-03,16.65,41.31,14.5,26.59
UMA,2021-02-04,26.59,28.3,23.7,26.1
UMA,2021-02-05,33.94,35.79,29.18,32.17
UMA,2021-02-06,32.17,34.07,28.31,29.88
UMA,2021-02-07,29.88,31.01,26.92,28.43
UMA,2021-02-08,28.43,30.46,28.13,28.74
UMA,2021-02-09,28.74,29.57,27.99,28.93
UMA,2021-02-10,28.93,32.63,27.35,28.83
UMA,2021-02-11,28.83,30.28,27.99,29.16
UMA,2021-02-12,29.43,29.43,29.18,29.18
UMA,2021-02-13,31.31,31.31,31.15,31.15
UMA,2021-02-14,31.15,31.15,29.74,29.74
UMA,2021-02-15,29.74,29.74,28.98,28.98
UMA,2021-02-16,26.14,27.73,24.72,25.62
UMA,2021-02-17,25.62,28.02,23.92,27.75
UMA,2021-02-18,27.75,28.94,26.96,27.5
UMA,2021-02-19,27.5,27.7,25.5,25.66
UMA,2021-02-20,27.52,27.52,25.71,25.71
UMA,2021-02-21,25.71,26.92,25.71,26.92
UMA,2021-02-22,26.92,26.92,25.0,25.16
UMA,2021-02-23,25.16,25.16,17.31,21.8
UMA,2021-02-24,21.8,24.41,20.69,22.14
UMA,2021-02-25,22.14,22.6,19.59,19.65
UMA,2021-02-26,19.65,21.13,18.5,19.78
UMA,2021-02-27,19.78,21.68,19.49,20.39
UMA,2021-02-28,20.39,20.48,17.48,19.52
UMA,2021-03-01,19.52,20.95,19.27,20.75
UMA,2021-03-02,20.75,23.05,20.29,21.26
UMA,2021-03-03,21.26,22.8,21.04,21.82
UMA,2021-03-04,21.82,22.41,20.26,20.89
UMA,2021-03-05,20.89,20.93,19.44,20.13
UMA,2021-03-06,20.13,22.89,20.1,22.14
UMA,2021-03-07,22.14,22.5,21.17,22.22
UMA,2021-03-08,22.25,28.42,22.18,26.96
UMA,2021-03-09,26.96,28.89,25.4,27.31
UMA,2021-03-10,27.31,27.34,24.68,25.32
UMA,2021-03-11,25.32,25.6,23.9,24.45
UMA,2021-03-12,24.49,24.61,22.32,22.67
UMA,2021-03-13,22.67,26.94,22.06,25.47
UMA,2021-03-14,25.47,26.47,23.63,24.18
UMA,2021-03-15,24.18,25.58,22.66,23.94
UMA,2021-03-16,23.94,24.27,22.38,24.13
UMA,2021-03-17,24.13,24.57,23.01,23.86
UMA,2021-03-18,23.86,25.65,23.8,24.17
UMA,2021-03-19,24.17,26.02,23.95,25.47
UMA,2021-03-20,25.47,26.47,25.37,25.39
UMA,2021-03-21,25.39,25.49,24.49,25.23
UMA,2021-03-22,25.23,25.57,23.42,23.56
UMA,2021-03-23,23.56,24.19,22.84,23.0
UMA,2021-03-24,23.0,23.64,20.46,20.75
UMA,2021-03-25,20.71,21.26,19.82,19.85
UMA,2021-03-26,19.89,22.92,19.87,22.83
UMA,2021-03-27,22.83,23.47,21.7,21.76
UMA,2021-03-28,21.76,22.46,21.43,21.67
UMA,2021-03-29,21.67,23.19,21.58,22.72
UMA,2021-03-30,22.72,23.9,22.57,23.15
UMA,2021-03-31,23.15,26.23,22.61,24.72
UMA,2021-04-01,24.72,25.7,23.5,24.13
UMA,2021-04-02,24.13,25.86,23.62,25.36
UMA,2021-04-03,25.36,27.37,24.58,24.63
UMA,2021-04-04,24.63,25.97,24.18,25.47
UMA,2021-04-05,25.47,26.49,24.56,26.15
UMA,2021-04-06,26.15,27.27,25.22,25.27
UMA,2021-04-07,25.27,25.38,22.23,23.2
UMA,2021-04-08,23.2,24.76,23.05,24.41
UMA,2021-04-09,24.41,25.74,23.86,24.65
UMA,2021-04-10,24.65,29.3,24.43,28.06
UMA,2021-04-11,28.06,29.21,26.56,27.07
UMA,2021-04-12,27.07,27.64,25.67,27.23
UMA,2021-04-13,27.23,27.9,26.35,26.66
UMA,2021-04-14,26.66,26.69,25.19,26.59
UMA,2021-04-15,26.59,31.73,26.07,29.81
UMA,2021-04-16,29.81,29.96,27.24,29.08
UMA,2021-04-17,29.08,30.96,27.8,28.52
UMA,2021-04-18,28.5,33.06,23.71,32.86
UMA,2021-04-19,32.86,33.39,25.73,26.74
UMA,2021-04-20,26.81,29.19,25.19,28.3
UMA,2021-04-21,28.3,29.12,25.0,25.34
UMA,2021-04-22,25.34,27.24,24.28,25.13
UMA,2021-04-23,25.16,25.2,20.82,23.34
UMA,2021-04-24,23.31,23.33,20.58,20.74
UMA,2021-04-25,20.74,26.42,20.28,23.29
UMA,2021-04-26,23.29,27.16,23.24,25.08
UMA,2021-04-27,25.08,26.75,24.75,26.12
UMA,2021-04-28,26.12,26.58,24.29,25.08
UMA,2021-04-29,25.08,26.02,24.17,24.94
UMA,2021-04-30,24.94,25.95,24.62,25.36
UMA,2021-05-01,25.36,28.58,25.14,26.86
UMA,2021-05-02,26.86,27.16,25.27,25.79
UMA,2021-05-03,25.79,27.09,25.75,26.69
UMA,2021-05-04,26.69,26.93,23.1,24.08
UMA,2021-05-05,24.08,25.97,23.79,25.93
UMA,2021-05-06,25.93,26.44,24.54,25.34
UMA,2021-05-07,25.34,26.49,24.21,25.35
UMA,2021-05-08,25.35,27.28,24.89,26.9
UMA,2021-05-09,26.9,27.05,25.15,25.64
UMA,2021-05-10,25.63,32.25,24.57,28.79
UMA,2021-05-11,28.81,32.07,26.12,29.0
UMA,2021-05-12,29.0,30.41,25.8,25.86
UMA,2021-05-13,25.86,27.32,22.96,24.45
UMA,2021-05-14,24.45,27.73,24.35,27.71
UMA,2021-05-15,27.71,27.71,23.57,23.62
UMA,2021-05-16,23.64,26.5,22.27,24.5
UMA,2021-05-17,24.5,24.55,20.95,21.7
UMA,2021-05-18,21.71,26.01,21.55,24.88
UMA,2021-05-19,24.85,25.66,13.37,16.13
UMA,2021-05-20,16.15,18.92,14.88,18.0
UMA,2021-05-21,18.0,18.64,13.56,15.08
UMA,2021-05-22,15.08,15.44,13.35,13.61
UMA,2021-05-23,13.61,14.03,9.415,11.72
UMA,2021-05-24,11.72,14.42,11.09,14.2
UMA,2021-05-25,14.2,14.9,12.86,14.4
UMA,2021-05-26,14.4,16.09,14.06,15.75
UMA,2021-05-27,15.75,15.84,14.07,14.52
UMA,2021-05-28,14.52,14.63,12.8,13.23
UMA,2021-05-29,13.23,13.82,11.58,12.17
UMA,2021-05-30,12.17,13.37,11.59,12.79
UMA,2021-05-31,12.79,14.05,12.15,13.85
UMA,2021-06-01,13.85,14.32,13.05,13.65
UMA,2021-06-02,13.65,14.7,13.18,14.06
UMA,2021-06-03,14.06,15.3,13.87,14.62
UMA,2021-06-04,14.62,17.96,14.62,16.29
UMA,2021-06-05,16.29,16.74,15.0,15.2
UMA,2021-06-06,15.2,15.58,14.79,14.86
UMA,2021-06-07,14.86,15.6,13.17,13.37
UMA,2021-06-08,13.37,13.6,11.86,12.85
UMA,2021-06-09,12.85,13.48,12.27,13.01
UMA,2021-06-10,13.01,13.6,12.0,12.38
UMA,2021-06-11,12.38,12.52,11.16,11.24
UMA,2021-06-12,11.24,11.63,10.66,11.29
UMA,2021-06-13,11.29,11.95,10.93,11.88
UMA,2021-06-14,11.88,12.58,11.37,12.44
UMA,2021-06-15,12.44,13.0,12.13,12.54
UMA,2021-06-16,12.54,13.11,11.83,11.96
UMA,2021-06-17,11.96,12.37,11.45,11.82
UMA,2021-06-18,11.82,11.98,10.48,10.82
UMA,2021-06-19,10.82,11.07,10.67,10.73
UMA,2021-06-20,10.73,11.02,9.75,10.74
UMA,2021-06-21,10.74,10.79,8.511,8.567
UMA,2021-06-22,8.567,8.978,7.492,8.796
UMA,2021-06-23,8.796,9.409,8.609,8.837
UMA,2021-06-24,8.837,9.175,8.544,9.135
UMA,2021-06-25,9.135,9.384,7.941,8.074
UMA,2021-06-26,8.074,8.354,7.567,7.948
UMA,2021-06-27,7.948,8.391,7.855,8.391
UMA,2021-06-28,8.391,8.856,8.287,8.68
UMA,2021-06-29,8.68,9.187,8.585,8.931
UMA,2021-06-30,8.931,11.36,8.852,9.927
UMA,2021-07-01,9.927,9.929,9.005,9.102
UMA,2021-07-02,9.102,9.174,8.42,8.761
UMA,2021-07-03,8.761,9.613,8.71,9.386
UMA,2021-07-04,9.386,10.42,9.186,9.867
UMA,2021-07-05,9.867,9.902,9.149,9.455
UMA,2021-07-06,9.455,10.48,9.447,9.877
UMA,2021-07-07,9.877,10.74,9.711,9.917
UMA,2021-07-08,9.917,9.917,9.127,9.339
UMA,2021-07-09,9.339,9.465,8.911,9.254
UMA,2021-07-10,9.254,9.427,8.888,9.031
UMA,2021-07-11,9.031,9.536,8.8,9.308
UMA,2021-07-12,9.308,9.846,8.733,8.897
UMA,2021-07-13,8.897,8.926,8.357,8.424
UMA,2021-07-14,8.424,8.718,8.008,8.573
UMA,2021-07-15,8.573,8.732,7.994,8.145
UMA,2021-07-16,8.145,9.484,8.145,8.53
UMA,2021-07-17,8.53,8.665,8.124,8.226
UMA,2021-07-18,8.226,9.097,8.172,8.348
UMA,2021-07-19,8.348,8.502,7.841,7.844
UMA,2021-07-20,7.844,8.013,7.282,7.6
UMA,2021-07-21,7.6,8.216,7.324,8.019
UMA,2021-07-22,8.019,8.595,7.905,8.514
UMA,2021-07-23,8.514,8.647,8.064,8.472
UMA,2021-07-24,8.472,8.659,8.312,8.5
UMA,2021-07-25,8.5,8.559,8.162,8.438
UMA,2021-07-26,8.438,9.326,8.379,8.637
UMA,2021-07-27,8.637,8.728,8.26,8.615
UMA,2021-07-28,8.615,9.225,8.353,8.563
UMA,2021-07-29,8.563,9.05,8.448,8.971
UMA,2021-07-30,8.971,9.195,8.289,8.839
UMA,2021-07-31,8.839,9.171,8.597,9.095
UMA,2021-08-01,9.095,9.305,8.75,8.809
UMA,2021-08-02,8.809,9.022,8.558,8.666
UMA,2021-08-03,8.666,8.874,8.397,8.436
UMA,2021-08-04,8.436,9.394,8.293,9.206
UMA,2021-08-05,9.206,10.12,9.092,9.525
UMA,2021-08-06,9.525,10.51,9.418,9.918
UMA,2021-08-07,9.918,10.5,9.767,10.29
UMA,2021-08-08,10.29,10.38,9.301,9.458
UMA,2021-08-09,9.458,12.14,9.174,11.64
UMA,2021-08-10,11.64,12.05,10.64,11.14
UMA,2021-08-11,11.14,12.26,10.99,11.21
UMA,2021-08-12,11.34,11.35,10.29,10.72
UMA,2021-08-13,10.72,12.15,10.63,11.91
UMA,2021-08-14,11.91,12.0,11.12,11.95
UMA,2021-08-15,11.95,12.81,11.62,12.22
UMA,2021-08-16,12.22,12.82,11.64,11.7
UMA,2021-08-17,11.7,13.95,11.28,11.37
UMA,2021-08-18,11.37,12.04,10.98,11.35
UMA,2021-08-19,11.35,12.58,11.18,12.34
UMA,2021-08-20,12.34,12.76,12.08,12.74
UMA,2021-08-21,12.74,15.29,12.24,14.69
UMA,2021-08-22,14.69,14.9,13.15,14.39
UMA,2021-08-23,14.39,15.29,13.71,14.26
UMA,2021-08-24,14.26,14.37,12.62,12.72
UMA,2021-08-25,12.72,13.55,12.29,12.99
UMA,2021-08-26,12.99,13.11,11.84,12.08
UMA,2021-08-27,12.08,13.06,11.75,13.05
UMA,2021-08-28,13.05,13.78,12.64,13.46
UMA,2021-08-29,13.46,13.62,12.8,13.19
UMA,2021-08-30,13.19,13.21,12.27,12.43
UMA,2021-08-31,12.43,13.42,12.14,12.78
UMA,2021-09-01,12.78,13.22,12.38,13.19
UMA,2021-09-02,13.19,13.42,12.56,12.77
UMA,2021-09-03,12.77,13.12,12.5,12.79
UMA,2021-09-04,12.79,13.49,12.69,13.24
UMA,2021-09-05,13.24,14.42,13.21,14.11
UMA,2021-09-06,14.11,14.85,13.48,14.02
UMA,2021-09-07,14.02,14.39,9.733,10.96
UMA,2021-09-08,10.96,11.62,10.07,11.06
UMA,2021-09-09,11.06,11.71,10.84,11.07
UMA,2021-09-10,11.07,11.55,10.21,10.43
UMA,2021-09-11,10.43,10.82,10.23,10.43
UMA,2021-09-12,10.43,11.13,10.21,10.84
UMA,2021-09-13,10.84,10.87,9.949,10.34
UMA,2021-09-14,10.34,12.6,10.19,11.37
UMA,2021-09-15,11.37,12.07,11.08,11.89
UMA,2021-09-16,11.89,13.33,11.46,11.95
UMA,2021-09-17,11.95,12.77,11.0,11.11
UMA,2021-09-18,11.11,11.73,10.85,11.25
UMA,2021-09-19,11.25,11.41,10.88,11.03
UMA,2021-09-20,11.03,11.06,9.589,9.666
UMA,2021-09-21,9.666,11.46,9.165,9.283
UMA,2021-09-22,9.283,10.24,9.16,10.16
UMA,2021-09-23,10.16,10.28,9.769,10.14
UMA,2021-09-24,10.14,10.18,8.66,9.303
UMA,2021-09-25,9.303,9.429,8.898,9.196
UMA,2021-09-26,9.196,9.811,8.556,9.401
UMA,2021-09-27,9.401,9.66,8.825,8.827
UMA,2021-09-28,8.827,9.081,8.562,8.574
UMA,2021-09-29,8.574,9.151,8.529,8.672
UMA,2021-09-30,8.672,9.155,8.638,9.047
UMA,2021-10-01,9.047,9.816,8.982,9.557
UMA,2021-10-02,9.557,10.5,9.429,9.881
UMA,2021-10-03,9.881,10.31,9.65,10.15
UMA,2021-10-04,10.15,10.15,9.5,9.689
UMA,2021-10-05,9.689,10.28,9.65,10.03
UMA,2021-10-06,10.03,10.13,9.442,9.853
UMA,2021-10-07,9.853,10.19,9.613,9.923
UMA,2021-10-08,9.923,10.22,9.721,9.769
UMA,2021-10-09,9.769,11.77,9.757,11.32
UMA,2021-10-10,11.32,11.9,10.2,10.22
UMA,2021-10-11,10.22,10.63,9.821,9.96
UMA,2021-10-12,9.96,9.972,9.523,9.716
UMA,2021-10-13,9.716,10.06,9.499,9.979
UMA,2021-10-14,9.979,10.34,9.893,10.22
UMA,2021-10-15,10.22,11.72,10.01,10.97
UMA,2021-10-16,10.97,11.56,10.97,11.01
UMA,2021-10-17,11.01,11.12,10.3,10.55
UMA,2021-10-18,10.55,10.88,10.25,10.8
UMA,2021-10-19,10.8,14.24,10.67,13.96
UMA,2021-10-20,13.96,14.63,12.47,12.86
UMA,2021-10-21,12.86,13.1,12.02,12.03
UMA,2021-10-22,12.03,12.66,11.82,12.14
UMA,2021-10-23,12.14,12.16,11.73,12.01
UMA,2021-10-24,12.01,12.31,11.24,11.44
UMA,2021-10-25,11.44,12.03,11.41,11.8
UMA,2021-10-26,11.8,12.34,11.7,11.71
UMA,2021-10-27,11.71,11.98,10.7,11.11
UMA,2021-10-28,11.11,11.52,10.72,11.31
UMA,2021-10-29,11.31,11.78,11.2,11.41
UMA,2021-10-30,11.41,11.57,10.79,11.3
UMA,2021-10-31,11.3,11.7,11.07,11.37
UMA,2021-11-01,11.37,12.36,11.03,12.33
UMA,2021-11-02,12.33,12.65,11.82,12.5
UMA,2021-11-03,12.5,12.57,11.72,12.09
UMA,2021-11-04,12.09,12.29,11.37,11.77
UMA,2021-11-05,11.77,12.99,11.65,12.15
UMA,2021-11-06,12.15,13.19,12.0,12.57
UMA,2021-11-07,12.57,21.83,12.54,16.1
UMA,2021-11-08,16.1,20.97,14.54,16.68
UMA,2021-11-09,16.68,17.4,15.37,15.41
UMA,2021-11-10,15.41,15.77,13.88,14.17
UMA,2021-11-11,14.17,19.54,13.92,19.53
UMA,2021-11-12,19.53,20.14,15.71,16.87
UMA,2021-11-13,16.87,17.97,15.79,16.0
UMA,2021-11-14,16.0,16.91,15.91,16.61
UMA,2021-11-15,16.61,24.38,16.32,20.61
UMA,2021-11-16,20.61,22.67,18.2,19.04
UMA,2021-11-17,19.04,19.84,18.18,18.76
UMA,2021-11-18,18.76,21.32,16.28,16.5
UMA,2021-11-19,16.5,17.86,16.45,17.28
UMA,2021-11-20,17.28,17.54,16.35,16.93
UMA,2021-11-21,16.93,16.95,16.16,16.31
UMA,2021-11-22,16.31,16.34,14.5,14.79
UMA,2021-11-23,14.79,15.3,14.38,14.82
UMA,2021-11-24,14.82,14.87,13.42,13.905
UMA,2021-11-25,13.917,14.723,13.329,14.581
UMA,2021-11-26,14.602,14.987,12.673,13.078
UMA,2021-11-27,13.061,14.001,12.875,14.0
UMA,2021-11-28,13.993,15.368,13.116,13.494
UMA,2021-11-29,13.489,14.15,13.272,13.623
UMA,2021-11-30,13.632,13.767,13.109,13.177
UMA,2021-12-01,13.184,13.459,12.735,12.876
UMA,2021-12-02,12.874,13.07,12.375,12.607
UMA,2021-12-03,12.569,12.88,11.644,11.929
UMA,2021-12-04,11.942,12.166,9.434,10.77
UMA,2021-12-05,10.826,11.292,9.996,10.212
UMA,2021-12-06,10.22,10.6,9.24,10.522
UMA,2021-12-07,10.52,10.781,10.232,10.281
UMA,2021-12-08,10.26,11.756,10.243,10.88
UMA,2021-12-09,10.88,11.007,9.775,10.08
UMA,2021-12-10,10.06,10.373,9.58,9.64
UMA,2021-12-11,9.58,10.04,9.42,9.81
UMA,2021-12-12,9.8,10.2,9.73,10.02
UMA,2021-12-13,10.02,10.12,8.88,9.06
UMA,2021-12-14,9.07,9.1,8.6,8.88
UMA,2021-12-15,8.87,9.86593,8.78839,9.18551
UMA,2021-12-16,9.18551,9.77986,9.06172,9.36381
UMA,2021-12-17,9.36381,9.52886,8.56743,8.96258
UMA,2021-12-18,8.96859,9.12165,8.72262,8.93057
UMA,2021-12-19,8.93146,9.67087,8.81464,9.2577
UMA,2021-12-20,9.26863,9.31065,8.31749,8.75863
UMA,2021-12-21,8.7595,9.33773,8.62559,9.19668
UMA,2021-12-22,9.19368,9.59584,8.94958,9.40176
UMA,2021-12-23,9.40476,10.049,9.19084,9.92396
UMA,2021-12-24,9.93497,10.5062,9.57879,9.61881
UMA,2021-12-25,9.61977,10.02,9.46173,9.71388
UMA,2021-12-26,9.69588,10.8094,9.52181,10.4262
UMA,2021-12-27,10.4082,11.2634,10.2211,11.2384
UMA,2021-12-28,11.2364,11.3104,9.39188,9.61596
UMA,2021-12-29,9.59096,9.983,9.26093,9.61392
UMA,2021-12-30,9.59296,9.60892,9.16192,9.25485
UMA,2021-12-31,9.28286,9.57792,8.60172,9.12991
UMA,2022-01-01,9.12691,9.498,9.07109,9.41288
UMA,2022-01-02,9.39488,10.065,9.18392,9.44489
UMA,2022-01-03,9.45089,9.54491,9.027,9.17792
UMA,2022-01-04,9.19108,9.436,8.9911,9.112
UMA,2022-01-05,9.12026,12.7987,8.75712,11.0629
UMA,2022-01-06,11.0689,12.0988,8.9982,9.87501
UMA,2022-01-07,9.88695,10.7119,9.02819,9.40706
UMA,2022-01-08,9.37706,10.091,8.69313,8.964
UMA,2022-01-09,8.963,9.273,8.783,8.989
UMA,2022-01-10,8.99,9.139,8.084,8.33
UMA,2022-01-11,8.303,8.71274,8.26,8.61786
UMA,2022-01-12,8.60186,8.96869,8.5077,8.86955
UMA,2022-01-13,8.87355,9.07663,8.34134,8.37519
UMA,2022-01-14,8.37835,8.63732,8.16508,8.42553
UMA,2022-01-15,8.42253,8.61631,8.28631,8.45923
UMA,2022-01-16,8.45422,8.59744,8.32833,8.41837
UMA,2022-01-17,8.42037,8.4994,7.98039,8.10924
UMA,2022-01-18,8.10924,8.34634,7.73632,7.90337
UMA,2022-01-19,7.90937,8.71962,7.56427,8.24847
UMA,2022-01-20,8.26148,8.53556,7.80978,7.85957
UMA,2022-01-21,7.83357,7.93159,6.31726,6.4863
UMA,2022-01-22,6.49195,6.82905,5.78516,5.9858
UMA,2022-01-23,5.9878,6.44493,5.96219,6.16923
UMA,2022-01-24,6.17185,6.38728,5.21204,5.88977
UMA,2022-01-25,5.90618,6.03602,5.69914,5.83291
UMA,2022-01-26,5.83091,6.34681,5.69785,5.76888
UMA,2022-01-27,5.76446,5.94797,5.43017,5.58279
UMA,2022-01-28,5.58223,6.27088,5.48464,5.96119
UMA,2022-01-29,5.95479,6.28188,5.84875,6.10383
UMA,2022-01-30,6.08182,6.18385,5.81933,5.86576
UMA,2022-01-31,5.87035,6.13368,5.64526,6.05302
UMA,2022-02-01,6.03441,6.18271,5.89353,5.97298
UMA,2022-02-02,5.98159,6.02061,5.42517,5.4984
UMA,2022-02-03,5.51096,5.84092,5.4007,5.66283
UMA,2022-02-04,5.66083,6.21048,5.60336,6.08887
UMA,2022-02-05,6.08486,6.71803,6.04162,6.30678
UMA,2022-02-06,6.31779,6.9935,6.20672,6.42957
UMA,2022-02-07,6.44658,6.8942,6.31205,6.68534
UMA,2022-02-08,6.68735,6.88751,6.27101,6.49984
UMA,2022-02-09,6.49584,6.74907,6.39011,6.71671
UMA,2022-02-10,6.72672,6.72672,6.29978,6.32643
UMA,2022-02-11,6.3348,6.46152,5.88877,5.90677
UMA,2022-02-12,5.91173,6.86343,5.84292,6.33216
UMA,2022-02-13,6.3318,6.60896,5.95297,6.0046
UMA,2022-02-14,6.0076,6.2121,5.90295,6.0096
UMA,2022-02-15,6.0076,6.43186,5.95557,6.37182
UMA,2022-02-16,6.36045,6.54993,6.16308,6.48624
UMA,2022-02-17,6.54292,6.78907,6.0052,6.04423
UMA,2022-02-18,6.04423,6.20872,5.78247,5.89795
UMA,2022-02-19,5.90954,6.09566,5.66383,5.71843
UMA,2022-02-20,5.70342,5.72443,5.18859,5.4077
UMA,2022-02-21,5.42071,5.67927,5.05902,5.05902
UMA,2022-02-22,5.05653,5.67584,4.75543,5.07754
UMA,2022-02-23,5.09706,5.46773,5.03452,5.07905
UMA,2022-02-24,5.07604,5.10706,4.32773,4.69288
UMA,2022-02-25,4.69241,4.97048,4.68941,4.96548
UMA,2022-02-26,4.95798,5.24462,4.89796,4.96699
UMA,2022-02-27,4.96048,5.0105,4.69335,4.8114
UMA,2022-02-28,4.80392,8.58329,4.65433,7.08283
UMA,2022-03-01,7.08683,13.2613,6.8084,9.24077
UMA,2022-03-02,9.23977,9.70691,8.14363,8.19764
UMA,2022-03-03,8.19746,11.3294,7.64229,9.53091
UMA,2022-03-04,9.54491,10.8833,8.89078,9.06972
UMA,2022-03-05,9.03271,10.115,8.85466,9.24877
UMA,2022-03-06,9.25177,9.44783,8.5117,8.74462
UMA,2022-03-07,8.75162,8.78263,7.66153,7.77233
UMA,2022-03-08,7.76233,8.46754,7.71377,7.78956
UMA,2022-03-09,7.79856,8.58472,7.78378,8.04161
UMA,2022-03-10,8.0448,8.45869,7.29292,7.44098
UMA,2022-03-11,7.43897,7.94438,7.03511,7.16343
UMA,2022-03-12,7.15143,9.354,7.06041,7.90179
UMA,2022-03-13,7.92338,8.30183,7.3312,7.37521
UMA,2022-03-14,7.36947,7.87157,7.25473,7.47449
UMA,2022-03-15,7.46549,8.75175,7.34247,7.58127
UMA,2022-03-16,7.58928,7.95038,7.49725,7.71631
UMA,2022-03-17,7.71331,7.98439,7.62805,7.8079
UMA,2022-03-18,7.81412,7.81491,7.49775,7.6068
UMA,2022-03-19,7.6108,7.85514,7.60804,7.66006
UMA,2022-03-20,7.67383,7.88773,7.48399,7.59003
UMA,2022-03-21,7.5978,7.86893,7.37895,7.6098
UMA,2022-03-22,7.61004,7.75287,7.57103,7.63782
UMA,2022-03-23,7.63682,7.72386,7.53501,7.62481
UMA,2022-03-24,7.62081,8.24112,7.58479,7.91496
UMA,2022-03-25,7.91295,7.93797,7.56378,7.6098
UMA,2022-03-26,7.6055,8.15526,7.57143,7.70708
UMA,2022-03-27,7.69284,8.35234,7.68707,7.84614
UMA,2022-03-28,7.85114,8.31298,7.82835,7.95318
UMA,2022-03-29,7.95397,8.18527,7.66807,7.82291
UMA,2022-03-30,7.82191,8.15107,7.78711,8.07342
UMA,2022-03-31,8.07281,8.88178,7.73155,7.86057
UMA,2022-04-01,7.85736,8.08504,7.60628,7.9894
UMA,2022-04-02,7.9894,8.37335,7.87136,7.98919
UMA,2022-04-03,7.9884,8.77151,7.80334,8.25047
UMA,2022-04-04,8.2543,8.35534,7.73755,8.06442
UMA,2022-04-05,8.07242,8.39552,7.87858,7.97659
UMA,2022-04-06,7.97659,8.0206,6.74967,7.10471
UMA,2022-04-07,7.093,8.05381,6.77368,7.41374
UMA,2022-04-08,7.41374,7.51375,7.0347,7.09384
UMA,2022-04-09,7.09084,7.47149,6.93308,7.21816
UMA,2022-04-10,7.21816,7.40322,7.10942,7.16043
UMA,2022-04-11,7.15972,7.16243,6.08983,6.09783
UMA,2022-04-12,6.09783,6.76635,6.06482,6.43493
UMA,2022-04-13,6.42893,6.71834,6.28989,6.54196
UMA,2022-04-14,6.54631,6.83105,6.27388,6.34163
UMA,2022-04-15,6.34427,6.60132,6.29363,6.40028
UMA,2022-04-16,6.39564,6.43029,6.30263,6.37728
UMA,2022-04-17,6.38364,6.54765,6.30363,6.33087
UMA,2022-04-18,6.34127,6.52696,5.95419,6.30189
UMA,2022-04-19,6.31289,6.54131,6.25625,6.39628
UMA,2022-04-20,6.39528,6.4953,6.29663,6.34727
UMA,2022-04-21,6.35327,6.57331,6.17762,6.17762
UMA,2022-04-22,6.18162,6.22962,5.94319,6.0396
UMA,2022-04-23,6.03421,6.81936,5.94859,6.23025
UMA,2022-04-24,6.22224,6.5243,6.06261,6.11022
UMA,2022-04-25,6.11122,6.13523,5.603,5.92118
UMA,2022-04-26,5.93119,6.27263,5.55256,5.63356
UMA,2022-04-27,5.639,5.81542,5.489,5.60456
UMA,2022-04-28,5.60456,5.72557,5.529,5.55056
UMA,2022-04-29,5.54955,5.60856,5.20452,5.21252
UMA,2022-04-30,5.212,6.85169,5.18552,5.39554
UMA,2022-05-01,5.374,6.28763,5.12951,5.194
UMA,2022-05-02,5.19852,5.80358,5.18352,5.32853
UMA,2022-05-03,5.332,5.63556,5.29594,5.35746
UMA,2022-05-04,5.36046,5.70043,5.316,5.627
UMA,2022-05-05,5.62831,5.71928,5.02899,5.15897
UMA,2022-05-06,5.15448,5.97081,5.07099,5.40246
UMA,2022-05-07,5.40446,5.65143,5.23595,5.23648
UMA,2022-05-08,5.23095,5.39484,5.04898,5.26442
UMA,2022-05-09,5.27242,5.37892,4.20816,4.30314
UMA,2022-05-10,4.31071,4.86554,3.9954,4.07637
UMA,2022-05-11,4.05738,4.29085,2.60328,2.75051
UMA,2022-05-12,2.75875,2.90616,2.08721,2.37357
UMA,2022-05-13,2.36935,3.52647,2.34764,3.04282
UMA,2022-05-14,3.04451,3.34065,2.67038,2.87697
UMA,2022-05-15,2.87297,3.33599,2.82076,3.08529
UMA,2022-05-16,3.0823,3.21849,2.84958,3.04204
UMA,2022-05-17,3.04404,3.70481,2.98552,3.26108
UMA,2022-05-18,3.27873,3.88195,2.95016,3.11195
UMA,2022-05-19,3.11694,3.32667,2.94816,3.14485
UMA,2022-05-20,3.14485,3.37594,2.95615,3.11395
UMA,2022-05-21,3.10727,4.20211,3.02237,3.39358
UMA,2022-05-22,3.39324,4.12704,3.30936,3.52277
UMA,2022-05-23,3.51677,3.84377,3.46484,3.55273
UMA,2022-05-24,3.54574,3.77684,3.28206,3.45051
UMA,2022-05-25,3.45151,3.71554,3.39027,3.42588
UMA,2022-05-26,3.43322,3.43622,2.98971,3.11288
UMA,2022-05-27,3.11498,3.28072,2.90209,3.04595
UMA,2022-05-28,3.05352,3.15633,3.02388,3.11146
UMA,2022-05-29,3.1096,3.33233,3.06586,3.16481
UMA,2022-05-30,3.16635,3.45773,3.15116,3.35785
UMA,2022-05-31,3.36744,3.55191,3.19204,3.27115
UMA,2022-06-01,3.27404,3.30455,3.01668,3.06604
UMA,2022-06-02,3.06296,3.18303,2.98841,3.13048
UMA,2022-06-03,3.13108,3.18024,2.97419,3.08092
UMA,2022-06-04,3.08022,3.13095,2.98378,3.05268
UMA,2022-06-05,3.04475,3.38099,3.02358,3.06515
UMA,2022-06-06,3.07111,3.17543,3.04916,3.09836
UMA,2022-06-07,3.0984,3.13749,2.95052,3.11145
UMA,2022-06-08,3.11142,3.13249,2.96486,3.00505
UMA,2022-06-09,3.00505,3.18242,2.93782,3.01047
UMA,2022-06-10,3.00644,3.02252,2.76312,2.82538
UMA,2022-06-11,2.8304,2.83659,2.50889,2.58607
UMA,2022-06-12,2.60006,2.60505,2.28974,2.39905
UMA,2022-06-13,2.39303,2.39303,1.88582,2.00321
UMA,2022-06-14,2.0122,3.63678,1.8613,2.9165
UMA,2022-06-15,2.9165,3.17095,2.30336,2.78182
UMA,2022-06-16,2.78282,3.1815,2.50299,2.69123
UMA,2022-06-17,2.69125,2.858,2.60235,2.6638
UMA,2022-06-18,2.671,2.74972,2.20575,2.33222
UMA,2022-06-19,2.33321,2.52197,2.28772,2.47178
UMA,2022-06-20,2.47403,2.54694,2.3799,2.46429
UMA,2022-06-21,2.45929,2.64788,2.40835,2.52322
UMA,2022-06-22,2.52447,2.53446,2.37962,2.41159
UMA,2022-06-23,2.41258,2.54265,2.38561,2.4958
UMA,2022-06-24,2.4976,3.21826,2.4965,2.86476
UMA,2022-06-25,2.85914,3.10885,2.68217,2.81003
UMA,2022-06-26,2.80701,3.06122,2.74932,2.7803
UMA,2022-06-27,2.77733,2.82422,2.63617,2.67921
UMA,2022-06-28,2.67926,2.84743,2.6099,2.62617
UMA,2022-06-29,2.62661,2.62734,2.51367,2.56329
UMA,2022-06-30,2.56352,2.57186,2.27746,2.40461
UMA,2022-07-01,2.40511,2.9237,2.39862,2.49745
UMA,2022-07-02,2.49425,2.55339,2.45889,2.51618
UMA,2022-07-03,2.51738,3.04384,2.48531,2.65405
UMA,2022-07-04,2.64612,2.89815,2.57958,2.71803
UMA,2022-07-05,2.71674,2.77097,2.58126,2.66736
UMA,2022-07-06,2.66726,2.70482,2.60907,2.62541
UMA,2022-07-07,2.62651,2.7216,2.61592,2.69378
UMA,2022-07-08,2.69358,2.76197,2.61217,2.6584
UMA,2022-07-09,2.65521,2.79902,2.63032,2.69698
UMA,2022-07-10,2.69641,2.78855,2.59664,2.62253
UMA,2022-07-11,2.62253,2.70438,2.54766,2.56319
UMA,2022-07-12,2.56319,2.5637,2.41748,2.45484
UMA,2022-07-13,2.45492,2.66983,2.38921,2.48806
UMA,2022-07-14,2.48876,2.60244,2.47377,2.55936
UMA,2022-07-15,2.55936,2.64927,2.55077,2.60062
UMA,2022-07-16,2.60052,2.73408,2.55893,2.64231
UMA,2022-07-17,2.64237,2.71759,2.61496,2.64021
UMA,2022-07-18,2.64037,2.79716,2.62201,2.69038
UMA,2022-07-19,2.68879,2.9258,2.68527,2.82125
UMA,2022-07-20,2.8209,2.93226,2.65225,2.71114
UMA,2022-07-21,2.7112,2.77742,2.56666,2.72285
UMA,2022-07-22,2.72298,2.75982,2.58551,2.63448
UMA,2022-07-23,2.6344,3.24019,2.60536,2.78453
UMA,2022-07-24,2.78528,3.07021,2.77453,2.85357
UMA,2022-07-25,2.85847,2.8847,2.6535,2.70142
UMA,2022-07-26,2.70054,2.70054,2.50095,2.56268
UMA,2022-07-27,2.5623,2.74055,2.54677,2.73536
UMA,2022-07-28,2.73536,2.90844,2.72285,2.86527
UMA,2022-07-29,2.8654,3.30139,2.84223,2.98342
UMA,2022-07-30,2.97719,3.15941,2.91547,2.96741
UMA,2022-07-31,2.96721,3.26792,2.9106,2.99059
UMA,2022-08-01,2.99012,3.03391,2.85963,2.92928
UMA,2022-08-02,2.92888,3.10388,2.86426,2.97751
UMA,2022-08-03,2.98657,3.1166,2.87472,3.02826
UMA,2022-08-04,3.0282,3.0282,2.93159,2.94772
UMA,2022-08-05,2.94759,3.0507,2.94515,3.03568
UMA,2022-08-06,3.03588,3.15614,3.00912,3.09101
UMA,2022-08-07,3.09148,3.09431,2.98112,3.05588
UMA,2022-08-08,3.05638,3.14183,3.01995,3.06397
UMA,2022-08-09,3.06397,3.09915,2.89315,2.94379
UMA,2022-08-10,2.94329,3.1201,2.88589,3.0903
UMA,2022-08-11,3.0896,3.15271,3.01969,3.02842
UMA,2022-08-12,3.02832,3.26877,2.9895,3.24289
UMA,2022-08-13,3.23439,4.22444,3.12337,3.90052
UMA,2022-08-14,3.91052,3.9914,3.37091,3.48408
UMA,2022-08-15,3.48404,3.57004,3.29503,3.32603
UMA,2022-08-16,3.32473,3.71859,3.24012,3.3624
UMA,2022-08-17,3.3629,3.64166,3.27853,3.27853
UMA,2022-08-18,3.28123,3.3433,3.16979,3.20583
UMA,2022-08-19,3.20332,3.21292,2.7575,2.79518
UMA,2022-08-20,2.79528,3.16238,2.79149,2.91007
UMA,2022-08-21,2.91694,2.94436,2.81973,2.89844
UMA,2022-08-22,2.89834,3.07952,2.7887,2.83579
UMA,2022-08-23,2.83587,3.25297,2.83587,2.97786
UMA,2022-08-24,2.9774,3.02412,2.90438,2.95477
UMA,2022-08-25,2.95454,3.14696,2.92055,2.93969
UMA,2022-08-26,2.93929,2.99067,2.76593,2.77318
UMA,2022-08-27,2.76958,2.78082,2.6045,2.65218
UMA,2022-08-28,2.65205,2.82432,2.64169,2.69507
UMA,2022-08-29,2.695,3.03087,2.59664,2.8531
UMA,2022-08-30,2.85373,2.90482,2.69622,2.75685
UMA,2022-08-31,2.75625,2.82784,2.72011,2.761
UMA,2022-09-01,2.76157,2.78968,2.66292,2.73784
UMA,2022-09-02,2.74284,2.84943,2.70516,2.73033
UMA,2022-09-03,2.73041,2.80428,2.715,2.722
UMA,2022-09-04,2.723,2.798,2.708,2.75
UMA,2022-09-05,2.72597,2.73187,2.67847,2.70087
UMA,2022-09-06,2.70177,2.8119,2.5236,2.5595
UMA,2022-09-07,2.559,2.6424,2.48243,2.62078
UMA,2022-09-08,2.6209,2.78952,2.55553,2.73804
UMA,2022-09-09,2.7344,2.80076,2.64012,2.76291
UMA,2022-09-10,2.76292,2.92883,2.72431,2.76793
UMA,2022-09-11,2.76963,2.93862,2.74399,2.74476
UMA,2022-09-12,2.74596,2.82314,2.72376,2.74325
UMA,2022-09-13,2.74342,2.96822,2.60773,2.62485
UMA,2022-09-14,2.62526,2.65985,2.5485,2.60795
UMA,2022-09-15,2.60795,2.62538,2.51475,2.56607
UMA,2022-09-16,2.56597,2.60667,2.492,2.55764
UMA,2022-09-17,2.56024,2.6071,2.54375,2.5867
UMA,2022-09-18,2.5868,2.61686,2.4153,2.4154
UMA,2022-09-19,2.4154,2.44639,2.32593,2.44499
UMA,2022-09-20,2.44474,2.44499,2.34163,2.34163
UMA,2022-09-21,2.3405,2.4429,2.3009,2.3009
UMA,2022-09-22,2.3008,2.4035,2.2813,2.3678
UMA,2022-09-23,2.36674,2.43286,2.30387,2.36066
UMA,2022-09-24,2.36103,2.45457,2.34469,2.37471
UMA,2022-09-25,2.37459,2.5534,2.3252,2.33988
UMA,2022-09-26,2.3398,2.4293,2.32755,2.3654
UMA,2022-09-27,2.3653,2.4537,2.3316,2.35726
UMA,2022-09-28,2.35716,2.3611,2.26065,2.3398
UMA,2022-09-29,2.34,2.346,2.2819,2.32353
UMA,2022-09-30,2.3233,2.3551,2.30547,2.326
UMA,2022-10-01,2.3267,2.40812,2.2885,2.3026
UMA,2022-10-02,2.3025,2.34703,2.25953,2.2788
UMA,2022-10-03,2.2787,2.29803,2.2366,2.28663
UMA,2022-10-04,2.28693,2.3215,2.27963,2.31559
UMA,2022-10-05,2.31559,2.40354,2.2701,2.29486
UMA,2022-10-06,2.29486,2.3392,2.28649,2.28651
UMA,2022-10-07,2.28631,2.33722,2.26222,2.29442
UMA,2022-10-08,2.29432,2.3057,2.27329,2.27331
UMA,2022-10-09,2.27269,2.31943,2.24322,2.27816
UMA,2022-10-10,2.27836,2.29406,2.22768,2.23618
UMA,2022-10-11,2.2369,2.2371,2.13594,2.13989
UMA,2022-10-12,2.1396,2.16686,2.12286,2.13486
UMA,2022-10-13,2.13489,2.46918,2.10008,2.22858
UMA,2022-10-14,2.22848,2.28488,2.16083,2.16224
UMA,2022-10-15,2.16149,2.18693,2.15751,2.17051
UMA,2022-10-16,2.1704,2.524,2.14546,2.28109
UMA,2022-10-17,2.27641,2.34198,2.20532,2.23584
UMA,2022-10-18,2.23597,2.32673,2.18517,2.20801
UMA,2022-10-19,2.20792,2.22049,2.15672,2.1653
UMA,2022-10-20,2.1655,2.25649,2.12925,2.14735
UMA,2022-10-21,2.14735,2.24057,2.11566,2.16977
UMA,2022-10-22,2.16975,2.19639,2.14009,2.15909
UMA,2022-10-23,2.15897,2.1776,2.14175,2.1599
UMA,2022-10-24,2.1624,2.20148,2.14564,2.15659
UMA,2022-10-25,2.15659,2.22493,2.14206,2.1931
UMA,2022-10-26,2.19505,2.24598,2.18425,2.20602
UMA,2022-10-27,2.20604,2.26713,2.18348,2.18665
UMA,2022-10-28,2.18673,2.25621,2.17347,2.22519
UMA,2022-10-29,2.22494,2.28739,2.21711,2.27142
UMA,2022-10-30,2.27134,2.28776,2.23348,2.24005
UMA,2022-10-31,2.24035,2.2729,2.20332,2.23197
UMA,2022-11-01,2.23197,2.25094,2.20986,2.21288
UMA,2022-11-02,2.21266,2.22972,2.13648,2.15637
UMA,2022-11-03,2.15637,2.40906,2.15289,2.25208
UMA,2022-11-04,2.2521,2.38275,2.23442,2.36719
UMA,2022-11-05,2.36737,2.48497,2.35441,2.39634
UMA,2022-11-06,2.3952,2.5195,2.34058,2.34459
UMA,2022-11-07,2.34446,2.34446,2.22742,2.23119
UMA,2022-11-08,2.23147,2.27714,1.83857,1.95735
UMA,2022-11-09,1.95745,1.99946,1.49714,1.53093
UMA,2022-11-10,1.52644,1.96038,1.51359,1.8276
UMA,2022-11-11,1.82763,2.10415,1.65783,1.74572
UMA,2022-11-12,1.72951,2.09722,1.71062,1.79746
UMA,2022-11-13,1.79676,1.90197,1.64179,1.65788
UMA,2022-11-14,1.64769,1.6916,1.57238,1.65678
UMA,2022-11-15,1.65633,1.72462,1.65543,1.68851
UMA,2022-11-16,1.68941,1.70901,1.64377,1.66387
UMA,2022-11-17,1.66623,1.67935,1.63809,1.65341
UMA,2022-11-18,1.65361,1.78883,1.6481,1.67307
UMA,2022-11-19,1.67297,1.7509,1.65523,1.68253
UMA,2022-11-20,1.68245,1.70197,1.59217,1.59258
UMA,2022-11-21,1.59319,1.5983,1.51961,1.54613
UMA,2022-11-22,1.54614,1.5998,1.49452,1.58436
UMA,2022-11-23,1.58416,1.70225,1.57603,1.67815
UMA,2022-11-24,1.67817,1.75701,1.6393,1.65821
UMA,2022-11-25,1.65821,1.67709,1.61001,1.64896
UMA,2022-11-26,1.64896,1.78248,1.64896,1.65103
UMA,2022-11-27,1.65103,1.77008,1.65103,1.70201
UMA,2022-11-28,1.70242,1.76389,1.61703,1.64408
UMA,2022-11-29,1.64406,1.6938,1.63443,1.66878
UMA,2022-11-30,1.66877,1.72827,1.66357,1.70787
UMA,2022-12-01,1.70795,1.76645,1.67513,1.711
UMA,2022-12-02,1.7111,1.74108,1.68117,1.7048
UMA,2022-12-03,1.7045,1.76481,1.68547,1.68687
UMA,2022-12-04,1.68727,1.78906,1.68207,1.70947
UMA,2022-12-05,1.70967,1.73853,1.70312,1.71005
UMA,2022-12-06,1.71013,2.24932,1.70475,1.97146
UMA,2022-12-07,1.9677,2.02066,1.78856,1.8095
UMA,2022-12-08,1.8104,1.88576,1.7307,1.76382
UMA,2022-12-09,1.76368,1.84022,1.734,1.73535
UMA,2022-12-10,1.73517,1.7687,1.73419,1.75096
UMA,2022-12-11,1.75096,1.7748,1.70497,1.70534
UMA,2022-12-12,1.70524,1.78274,1.65943,1.68605
UMA,2022-12-13,1.68664,1.70917,1.64214,1.68919
UMA,2022-12-14,1.68879,1.75624,1.6629,1.70052
UMA,2022-12-15,1.70102,1.70397,1.65387,1.66057
UMA,2022-12-16,1.66073,1.6755,1.53015,1.53091
UMA,2022-12-17,1.53015,1.84308,1.45597,1.63311
UMA,2022-12-18,1.63273,1.83662,1.58923,1.60361
UMA,2022-12-19,1.6041,1.61488,1.48366,1.48659
UMA,2022-12-20,1.48649,1.73463,1.48649,1.60276
UMA,2022-12-21,1.60276,1.6911,1.575,1.59708
UMA,2022-12-22,1.59676,1.62998,1.57067,1.59373
UMA,2022-12-23,1.59366,1.61183,1.58709,1.59252
UMA,2022-12-24,1.59244,1.66687,1.58943,1.6024
UMA,2022-12-25,1.60276,1.62837,1.57324,1.58179
UMA,2022-12-26,1.58221,1.61866,1.5739,1.58548
UMA,2022-12-27,1.58518,1.65212,1.57737,1.58387
UMA,2022-12-28,1.58397,1.58435,1.49106,1.49209
UMA,2022-12-29,1.49281,1.51176,1.47919,1.50502
UMA,2022-12-30,1.50474,1.52762,1.46905,1.48586
UMA,2022-12-31,1.48474,1.53766,1.48254,1.49425
UMA,2023-01-01,1.49394,1.55203,1.48498,1.50211
UMA,2023-01-02,1.5021,1.53049,1.48939,1.51313
UMA,2023-01-03,1.513,1.53561,1.50622,1.51721
UMA,2023-01-04,1.51751,1.58743,1.51751,1.54239
UMA,2023-01-05,1.54219,1.56803,1.5307,1.54376
UMA,2023-01-06,1.54354,1.55759,1.49917,1.54122
UMA,2023-01-07,1.54152,1.6078,1.54087,1.54303
UMA,2023-01-08,1.54304,1.56415,1.54075,1.56401
UMA,2023-01-09,1.56451,1.7692,1.56451,1.64708
UMA,2023-01-10,1.648,1.91279,1.61855,1.73774
UMA,2023-01-11,1.73588,1.77998,1.66035,1.68445
UMA,2023-01-12,1.6844,1.73836,1.6649,1.72489
UMA,2023-01-13,1.72456,1.78511,1.71425,1.75606
UMA,2023-01-14,1.75634,1.91037,1.75634,1.86179
UMA,2023-01-15,1.86149,1.88225,1.78516,1.84343
UMA,2023-01-16,1.84343,2.04294,1.81159,1.89574
UMA,2023-01-17,1.89604,2.00094,1.87755,1.88371
UMA,2023-01-18,1.88321,1.96458,1.74146,1.78851
UMA,2023-01-19,1.78841,1.851,1.78466,1.82283
UMA,2023-01-20,1.82325,1.93149,1.8198,1.92993
UMA,2023-01-21,1.92963,2.08391,1.90528,1.95811
UMA,2023-01-22,1.95999,2.05923,1.91929,1.94129
UMA,2023-01-23,1.94159,2.00606,1.94087,1.9959
UMA,2023-01-24,1.99608,2.29175,1.98102,2.08058
UMA,2023-01-25,2.08056,2.25022,1.9791,2.03533
UMA,2023-01-26,2.04635,2.09729,2.03472,2.05376
UMA,2023-01-27,2.05268,2.0757,2.00888,2.0439
UMA,2023-01-28,2.04338,2.24057,2.01436,2.06439
UMA,2023-01-29,2.06411,2.15172,2.06239,2.10731
UMA,2023-01-30,2.10821,2.11963,1.9485,1.95522
UMA,2023-01-31,1.95544,2.05874,1.9551,2.04068
UMA,2023-02-01,2.04052,2.10255,1.96,2.07312
UMA,2023-02-02,2.07552,2.15633,2.06163,2.08422
UMA,2023-02-03,2.08456,2.14799,2.05647,2.12007
UMA,2023-02-04,2.11947,2.1863,2.11047,2.14657
UMA,2023-02-05,2.14627,2.17501,2.05465,2.07792
UMA,2023-02-06,2.07814,2.11336,2.04159,2.07968
UMA,2023-02-07,2.07968,2.1758,2.06226,2.16933
UMA,2023-02-08,2.16889,2.20703,2.13351,2.15235
UMA,2023-02-09,2.14553,2.14553,1.89878,1.90727
UMA,2023-02-10,1.90917,1.96519,1.88764,1.9013
UMA,2023-02-11,1.8988,1.97458,1.89697,1.95158
UMA,2023-02-12,1.9522,1.9994,1.90871,1.91565
UMA,2023-02-13,1.91459,1.92712,1.84306,1.88122
UMA,2023-02-14,1.88212,1.97151,1.87774,1.96327
UMA,2023-02-15,1.9651,2.09634,1.93744,2.07195
UMA,2023-02-16,2.07107,2.22192,2.02754,2.03489
UMA,2023-02-17,2.03464,2.26187,2.00652,2.14019
UMA,2023-02-18,2.14056,2.18989,2.12618,2.14056
UMA,2023-02-19,2.13984,2.31905,2.13562,2.24362
UMA,2023-02-20,2.24369,2.39222,2.19717,2.24857
UMA,2023-02-21,2.24836,3.0483,2.19028,2.53746
UMA,2023-02-22,2.53543,2.74052,2.26243,2.37519
UMA,2023-02-23,2.36807,2.47732,2.3413,2.34328
UMA,2023-02-24,2.34305,2.38459,2.19392,2.20288
UMA,2023-02-25,2.20296,2.24476,2.11951,2.15845
UMA,2023-02-26,2.15743,2.25022,2.15372,2.21038
UMA,2023-02-27,2.20452,2.44542,2.17301,2.26621
UMA,2023-02-28,2.26811,2.33337,2.16607,2.17471
UMA,2023-03-01,2.17481,2.26275,2.14197,2.22029
UMA,2023-03-02,2.22031,2.26045,2.15213,2.1911
UMA,2023-03-03,2.19158,2.20735,2.02048,2.03354
UMA,2023-03-04,2.03368,2.15351,1.9899,2.06474
UMA,2023-03-05,2.06504,2.17641,2.05488,2.08303
UMA,2023-03-06,2.08285,2.08335,2.03542,2.04878
UMA,2023-03-07,2.04863,2.0684,1.94586,1.96984
UMA,2023-03-08,1.969,2.00572,1.87941,1.88112
UMA,2023-03-09,1.88101,1.93197,1.737,1.75266
UMA,2023-03-10,1.75258,1.79766,1.64887,1.78205
UMA,2023-03-11,1.78212,1.86167,1.72241,1.79008
UMA,2023-03-12,1.7902,1.89925,1.79014,1.88811
UMA,2023-03-13,1.88883,2.00388,1.84734,1.98815
UMA,2023-03-14,1.99057,2.09603,1.93822,2.01344
UMA,2023-03-15,2.01436,2.05078,1.89431,1.92405
UMA,2023-03-16,1.92381,2.22323,1.91494,2.13103
UMA,2023-03-17,2.13115,2.17797,2.05791,2.13045
UMA,2023-03-18,2.13226,2.16526,2.05846,2.05954
UMA,2023-03-19,2.05836,2.11997,2.04042,2.09703
UMA,2023-03-20,2.09659,2.32082,2.0484,2.15765
UMA,2023-03-21,2.15584,2.22318,2.0394,2.07028
UMA,2023-03-22,2.07048,2.19596,1.99314,2.03055
UMA,2023-03-23,2.03243,2.14931,2.02784,2.09567
UMA,2023-03-24,2.09633,2.11083,1.99441,2.00817
UMA,2023-03-25,2.00821,2.04835,1.97175,2.00412
UMA,2023-03-26,2.00514,2.11851,1.99653,2.038
UMA,2023-03-27,2.03804,2.44174,2.0228,2.14761
UMA,2023-03-28,2.14401,2.24481,2.04247,2.09402
UMA,2023-03-29,2.09442,2.14904,2.0853,2.11986
UMA,2023-03-30,2.1234,2.16006,2.04179,2.06198
UMA,2023-03-31,2.06176,2.0957,2.03379,2.08324
UMA,2023-04-01,2.08422,2.1828,2.07136,2.11706
UMA,2023-04-02,2.11736,2.12497,2.04389,2.05848
UMA,2023-04-03,2.05848,2.09149,1.98636,2.02585
UMA,2023-04-04,2.02601,2.07379,2.01398,2.05933
UMA,2023-04-05,2.05971,2.17138,2.04274,2.06734
UMA,2023-04-06,2.06706,2.08522,2.04851,2.06452
UMA,2023-04-07,2.05834,2.08684,2.03872,2.04954
UMA,2023-04-08,2.04942,2.11609,2.04175,2.06951
UMA,2023-04-09,2.06851,2.12234,2.04713,2.07584
UMA,2023-04-10,2.07857,2.10575,2.06174,2.0993
UMA,2023-04-11,2.09942,2.12826,2.09005,2.10378
UMA,2023-04-12,2.10358,2.1217,2.04414,2.09003
UMA,2023-04-13,2.09003,2.15011,2.08033,2.10952
UMA,2023-04-14,2.10962,2.15688,2.05443,2.12346
UMA,2023-04-15,2.12286,2.13288,2.09777,2.114
UMA,2023-04-16,2.11378,2.19169,2.1019,2.14176
UMA,2023-04-17,2.14186,2.14588,2.08574,2.10634
UMA,2023-04-18,2.10614,2.14785,2.0828,2.13516
UMA,2023-04-19,2.13512,2.15949,1.98041,1.9962
UMA,2023-04-20,1.997,2.19267,1.93395,2.04386
UMA,2023-04-21,2.02894,2.0898,1.88269,1.90101
UMA,2023-04-22,1.90127,1.9528,1.89201,1.91557
UMA,2023-04-23,1.91667,1.94391,1.87085,1.9286
UMA,2023-04-24,1.9325,1.94408,1.84155,1.86526
UMA,2023-04-25,1.86526,1.9004,1.833,1.89794
UMA,2023-04-26,1.90146,1.97888,1.79594,1.8741
UMA,2023-04-27,1.8742,1.92641,1.86101,1.91083
UMA,2023-04-28,1.91071,1.97006,1.86254,1.88935
UMA,2023-04-29,1.88903,2.12809,1.88892,1.97566
UMA,2023-04-30,1.97396,1.98677,1.89764,1.91889
UMA,2023-05-01,1.91877,2.09475,1.87234,1.98091
UMA,2023-05-02,1.97993,2.38405,1.95863,2.10028
UMA,2023-05-03,2.10028,2.23485,1.95545,2.00152
UMA,2023-05-04,2.00334,2.14746,1.99052,2.07645
UMA,2023-05-05,2.07647,3.1715,2.06057,2.8606
UMA,2023-05-06,2.86661,2.99814,2.3351,2.35509
UMA,2023-05-07,2.35099,3.25933,2.32103,2.93343
UMA,2023-05-08,2.93369,3.03145,2.66266,2.69004
UMA,2023-05-09,2.69103,3.14214,2.62913,2.73773
UMA,2023-05-10,2.73673,2.86501,2.49474,2.58432
UMA,2023-05-11,2.58658,2.79279,2.32733,2.39339
UMA,2023-05-12,2.39539,2.51226,2.26113,2.3729
UMA,2023-05-13,2.3722,2.44286,2.30755,2.30835
UMA,2023-05-14,2.30545,2.36328,2.27286,2.30858
UMA,2023-05-15,2.30665,2.41049,2.29778,2.33193
UMA,2023-05-16,2.33193,2.35341,2.16547,2.2001
UMA,2023-05-17,2.20098,2.27023,2.09735,2.2421
UMA,2023-05-18,2.24362,2.37275,2.14456,2.19768
UMA,2023-05-19,2.19778,2.22509,2.15354,2.16755
UMA,2023-05-20,2.16928,2.17979,2.12131,2.14243
UMA,2023-05-21,2.14383,2.15973,2.01921,2.02221
UMA,2023-05-22,2.01901,2.11906,1.993,2.08404
UMA,2023-05-23,2.08404,2.11647,2.03506,2.06912
UMA,2023-05-24,2.06912,2.08717,1.93304,1.97088
UMA,2023-05-25,1.9709,2.03782,1.93786,1.99904
UMA,2023-05-26,1.9978,2.0162,1.98206,2.00346
UMA,2023-05-27,2.0036,2.01168,1.98359,1.99378
UMA,2023-05-28,1.99374,2.04747,1.9908,2.03147
UMA,2023-05-29,2.03147,2.07542,1.99054,1.9986
UMA,2023-05-30,1.99858,2.02755,1.96737,1.9958
UMA,2023-05-31,1.9958,1.9996,1.8913,1.91631
UMA,2023-06-01,1.91831,1.94547,1.89632,1.93056
UMA,2023-06-02,1.93054,1.95653,1.89423,1.95451
UMA,2023-06-03,1.95551,2.03945,1.94358,1.96479
UMA,2023-06-04,1.96479,2.01656,1.96263,1.98664
UMA,2023-06-05,1.99264,1.9965,1.69653,1.76651
UMA,2023-06-06,1.76453,1.81231,1.72912,1.7945
UMA,2023-06-07,1.79352,1.87915,1.72445,1.7962
UMA,2023-06-08,1.7962,1.85133,1.73817,1.78332
UMA,2023-06-09,1.78134,1.79595,1.71915,1.73065
UMA,2023-06-10,1.72969,1.74498,1.34527,1.50387
UMA,2023-06-11,1.50187,1.58978,1.48246,1.53963
UMA,2023-06-12,1.54063,1.54063,1.45451,1.52606
UMA,2023-06-13,1.52605,1.56686,1.5138,1.5278
UMA,2023-06-14,1.52382,1.54074,1.4477,1.45987
UMA,2023-06-15,1.46687,1.49261,1.41417,1.48577
UMA,2023-06-16,1.47977,1.51533,1.43787,1.49682
UMA,2023-06-17,1.49582,1.54198,1.48586,1.52036
UMA,2023-06-18,1.51936,1.53228,1.47967,1.48866
UMA,2023-06-19,1.48567,1.50755,1.47059,1.49354
UMA,2023-06-20,1.49452,1.55808,1.48557,1.55523
UMA,2023-06-21,1.55523,1.64797,1.55423,1.62608
UMA,2023-06-22,1.62316,1.681,1.57117,1.58833
UMA,2023-06-23,1.57933,1.62058,1.5553,1.61093
UMA,2023-06-24,1.60895,1.64869,1.58398,1.59
UMA,2023-06-25,1.59099,1.81476,1.57785,1.68354
UMA,2023-06-26,1.68154,1.68764,1.60824,1.61235
UMA,2023-06-27,1.60335,1.63662,1.58832,1.61031
UMA,2023-06-28,1.61031,1.62228,1.4879,1.50498
UMA,2023-06-29,1.50598,1.5648,1.50082,1.53086
UMA,2023-06-30,1.5278,1.62071,1.48854,1.60447
UMA,2023-07-01,1.59744,1.64662,1.59433,1.622
UMA,2023-07-02,1.62198,1.63895,1.58678,1.60714
UMA,2023-07-03,1.60814,1.67839,1.60603,1.65412
UMA,2023-07-04,1.65812,1.72141,1.62436,1.67637
UMA,2023-07-05,1.67534,1.68717,1.58719,1.60526
UMA,2023-07-06,1.60524,1.64695,1.55688,1.58787
UMA,2023-07-07,1.58687,1.59014,1.54905,1.58016
UMA,2023-07-08,1.58014,1.61903,1.57209,1.58025
UMA,2023-07-09,1.58025,1.61832,1.57816,1.59729
UMA,2023-07-10,1.59329,1.59329,1.523,1.56112
UMA,2023-07-11,1.5733,1.67325,1.55088,1.59303
UMA,2023-07-12,1.59206,1.63303,1.57184,1.58595
UMA,2023-07-13,1.58897,1.66967,1.58384,1.64666
UMA,2023-07-14,1.64664,1.76253,1.61579,1.64377
UMA,2023-07-15,1.64381,1.68352,1.63659,1.64949
UMA,2023-07-16,1.64949,1.65348,1.60477,1.60776
UMA,2023-07-17,1.59875,1.63949,1.57741,1.61027
UMA,2023-07-18,1.61027,1.63928,1.55005,1.56935
UMA,2023-07-19,1.57038,1.59798,1.56227,1.58298
UMA,2023-07-20,1.58398,1.692,1.56012,1.62885
UMA,2023-07-21,1.60386,1.66292,1.60386,1.61902
UMA,2023-07-22,1.61902,1.658,1.61318,1.61816
UMA,2023-07-23,1.61818,1.642,1.57721,1.62597
UMA,2023-07-24,1.63397,1.64593,1.53683,1.54981
UMA,2023-07-25,1.54981,1.56681,1.53674,1.55289
UMA,2023-07-26,1.55289,1.56298,1.52471,1.55806
UMA,2023-07-27,1.55806,1.68058,1.54203,1.64656
UMA,2023-07-28,1.63956,1.82543,1.5969,1.61897
UMA,2023-07-29,1.61895,1.65,1.60297,1.62
UMA,2023-07-30,1.61898,1.65408,1.54803,1.60387
UMA,2023-07-31,1.59586,1.63687,1.57773,1.58673
UMA,2023-08-01,1.58675,1.61784,1.55488,1.58819
UMA,2023-08-02,1.58819,1.61311,1.57201,1.60309
UMA,2023-08-03,1.59909,1.61603,1.56745,1.59269
UMA,2023-08-04,1.59271,1.59271,1.544,1.55299
UMA,2023-08-05,1.55099,1.60741,1.54899,1.59128
UMA,2023-08-06,1.58648,1.63792,1.57658,1.62955
UMA,2023-08-07,1.62955,1.66333,1.60426,1.64008
UMA,2023-08-08,1.63908,1.66758,1.61981,1.65875
UMA,2023-08-09,1.65875,1.66518,1.62314,1.65056
UMA,2023-08-10,1.65156,1.6867,1.62911,1.63626
UMA,2023-08-11,1.63225,1.64036,1.59814,1.59824
UMA,2023-08-12,1.59824,1.62212,1.59724,1.6111
UMA,2023-08-13,1.60908,1.65494,1.60905,1.63572
UMA,2023-08-14,1.63671,1.65013,1.60923,1.62713
UMA,2023-08-15,1.62415,1.62844,1.47848,1.54227
UMA,2023-08-16,1.5423,1.55544,1.44031,1.46136
UMA,2023-08-17,1.46237,1.50327,1.25599,1.34625
UMA,2023-08-18,1.34822,1.42042,1.33227,1.41129
UMA,2023-08-19,1.40642,1.44373,1.40445,1.42763
UMA,2023-08-20,1.42359,1.43474,1.39887,1.41993
UMA,2023-08-21,1.41791,1.4259,1.36174,1.38579
UMA,2023-08-22,1.38679,1.40159,1.31563,1.32254
UMA,2023-08-23,1.33355,1.41538,1.32847,1.39773
UMA,2023-08-24,1.39272,1.40563,1.35712,1.35731
UMA,2023-08-25,1.35631,1.37732,1.34346,1.36623
UMA,2023-08-26,1.36626,1.38324,1.35323,1.36025
UMA,2023-08-27,1.35525,1.3634,1.34927,1.35935
UMA,2023-08-28,1.36035,1.36836,1.32595,1.35031
UMA,2023-08-29,1.3503,1.41411,1.32703,1.40527
UMA,2023-08-30,1.40525,1.41686,1.36027,1.373
UMA,2023-08-31,1.371,1.37315,1.29788,1.31384
UMA,2023-09-01,1.31383,1.38926,1.30749,1.3403
UMA,2023-09-02,1.34032,1.39862,1.32953,1.36285
UMA,2023-09-03,1.36285,1.4229,1.34377,1.35477
UMA,2023-09-04,1.35376,1.38767,1.33051,1.35462
UMA,2023-09-05,1.35662,1.47999,1.34136,1.37427
UMA,2023-09-06,1.37433,1.38921,1.34146,1.36916
UMA,2023-09-07,1.36916,1.40929,1.36432,1.40029
UMA,2023-09-08,1.39534,1.41947,1.37652,1.3988
UMA,2023-09-09,1.4018,1.52353,1.39261,1.49255
UMA,2023-09-10,1.48253,1.50062,1.37559,1.40048
UMA,2023-09-11,1.40148,1.41446,1.28159,1.30458
UMA,2023-09-12,1.30458,1.37843,1.29962,1.32589
UMA,2023-09-13,1.32688,1.355,1.30575,1.33927
UMA,2023-09-14,1.33827,1.37804,1.33191,1.3694
UMA,2023-09-15,1.36938,1.38307,1.34592,1.37996
UMA,2023-09-16,1.37894,1.42013,1.37689,1.39513
UMA,2023-09-17,1.39513,1.4142,1.32625,1.33532
UMA,2023-09-18,1.33532,1.39832,1.32928,1.37522
UMA,2023-09-19,1.37522,1.41214,1.36218,1.4022
UMA,2023-09-20,1.4022,1.42317,1.39304,1.40007
UMA,2023-09-21,1.40108,1.43206,1.37701,1.39194
UMA,2023-09-22,1.39194,1.4099,1.37692,1.4039
UMA,2023-09-23,1.40292,1.448,1.35307,1.3661
UMA,2023-09-24,1.3671,1.38111,1.35205,1.35305
UMA,2023-09-25,1.35205,1.36578,1.32901,1.36192
UMA,2023-09-26,1.36492,1.37671,1.35942,1.36041
UMA,2023-09-27,1.35942,1.37713,1.34487,1.36099
UMA,2023-09-28,1.36099,1.4231,1.35307,1.40496
UMA,2023-09-29,1.40496,1.43986,1.40096,1.43384
UMA,2023-09-30,1.42784,1.43993,1.40025,1.40828
UMA,2023-10-01,1.40728,1.4492,1.39813,1.41816
UMA,2023-10-02,1.41816,1.46178,1.36637,1.3854
UMA,2023-10-03,1.3854,1.39917,1.35795,1.36299
UMA,2023-10-04,1.36399,1.36911,1.31416,1.35107
UMA,2023-10-05,1.35105,1.36396,1.33248,1.33737
UMA,2023-10-06,1.33736,1.36033,1.32904,1.35355
UMA,2023-10-07,1.35355,1.36278,1.34266,1.34477
UMA,2023-10-08,1.34276,1.37385,1.32877,1.35077
UMA,2023-10-09,1.35177,1.36173,1.27332,1.30726
UMA,2023-10-10,1.30626,1.31424,1.26414,1.27214
UMA,2023-10-11,1.27213,1.29312,1.25095,1.25865
UMA,2023-10-12,1.25865,1.27176,1.23184,1.24854
UMA,2023-10-13,1.24853,1.28654,1.24451,1.27672
UMA,2023-10-14,1.27672,1.297,1.26281,1.29392
UMA,2023-10-15,1.29692,1.31392,1.28103,1.30505
UMA,2023-10-16,1.30505,1.79436,1.29605,1.54363
UMA,2023-10-17,1.54463,1.6166,1.44155,1.47755
UMA,2023-10-18,1.47655,1.54462,1.46154,1.52132
UMA,2023-10-19,1.52032,1.55523,1.23924,1.34854
UMA,2023-10-20,1.35153,1.3818,1.34455,1.36857
UMA,2023-10-21,1.36957,1.38555,1.35343,1.38268
UMA,2023-10-22,1.38268,1.39567,1.3368,1.36246
UMA,2023-10-23,1.36246,1.40441,1.36019,1.37471
UMA,2023-10-24,1.3747,1.50406,1.3747,1.44483
UMA,2023-10-25,1.44683,1.51141,1.43413,1.47335
UMA,2023-10-26,1.47534,1.53537,1.44496,1.48
UMA,2023-10-27,1.479,1.51014,1.45117,1.47332
UMA,2023-10-28,1.47334,1.51118,1.47032,1.49524
UMA,2023-10-29,1.49524,1.52233,1.47627,1.51453
UMA,2023-10-30,1.51455,1.53922,1.48165,1.5185
UMA,2023-10-31,1.51852,1.54162,1.43143,1.47262
UMA,2023-11-01,1.4726,1.53751,1.43321,1.52747
UMA,2023-11-02,1.52649,1.62383,1.48125,1.52318
UMA,2023-11-03,1.52418,1.5292,1.45326,1.50959
UMA,2023-11-04,1.50959,1.56977,1.50762,1.55392
UMA,2023-11-05,1.5519,1.60612,1.54456,1.55424
UMA,2023-11-06,1.55421,1.62526,1.54721,1.62045
UMA,2023-11-07,1.61945,1.65656,1.53417,1.59072
UMA,2023-11-08,1.59072,1.65555,1.57871,1.64338
UMA,2023-11-09,1.64336,1.71075,1.47327,1.59232
UMA,2023-11-10,1.5933,1.95223,1.5923,1.82295
UMA,2023-11-11,1.82195,1.95706,1.77508,1.84446
UMA,2023-11-12,1.84444,1.94903,1.75051,1.90376
UMA,2023-11-13,1.90376,1.93016,1.79068,1.81351
UMA,2023-11-14,1.81052,1.82151,1.65415,1.72222
UMA,2023-11-15,1.72224,1.85941,1.71827,1.84088
UMA,2023-11-16,1.84094,1.87656,1.70015,1.73519
UMA,2023-11-17,1.73519,1.79936,1.65712,1.73559
UMA,2023-11-18,1.73557,1.76269,1.64572,1.71184
UMA,2023-11-19,1.71284,1.77181,1.67192,1.77078
UMA,2023-11-20,1.77078,1.87169,1.76063,1.81825
UMA,2023-11-21,1.81824,1.83021,1.61761,1.62763
UMA,2023-11-22,1.62762,1.83368,1.61461,1.81958
UMA,2023-11-23,1.81054,1.96455,1.80068,1.88526
UMA,2023-11-24,1.87726,1.92621,1.84853,1.85647
UMA,2023-11-25,1.85648,1.91117,1.84937,1.87911
UMA,2023-11-26,1.88211,1.88708,1.77071,1.8347
UMA,2023-11-27,1.83468,1.84763,1.77012,1.79604
UMA,2023-11-28,1.79604,2.12651,1.76096,1.94113
UMA,2023-11-29,1.94012,2.12104,1.8611,1.94123
UMA,2023-11-30,1.94125,2.03845,1.87117,1.93831
UMA,2023-12-01,1.93833,1.99038,1.91336,1.94378
UMA,2023-12-02,1.94476,1.98175,1.92286,1.9659
UMA,2023-12-03,1.9639,1.9899,1.92061,1.96371
UMA,2023-12-04,1.96369,2.04063,1.88989,2.0091
UMA,2023-12-05,1.99008,2.0492,1.81975,2.04625
UMA,2023-12-06,2.04525,2.14602,1.97706,2.00722
UMA,2023-12-07,2.00722,2.1204,1.93727,2.08573
UMA,2023-12-08,2.08573,2.10661,2.05731,2.09069
UMA,2023-12-09,2.09069,2.16171,2.08267,2.12355
UMA,2023-12-10,2.12157,2.15,2.03137,2.12506
UMA,2023-12-11,2.12411,2.13719,1.82907,2.11501
UMA,2023-12-12,2.11501,2.27209,2.04208,2.11807
UMA,2023-12-13,2.11607,2.20309,1.95414,2.1825
UMA,2023-12-14,2.1705,2.24938,2.09196,2.19335
UMA,2023-12-15,2.18737,2.18839,2.075,2.08819
UMA,2023-12-16,2.08919,2.24181,2.03382,2.20923
UMA,2023-12-17,2.20923,2.48364,2.12311,2.15877
UMA,2023-12-18,2.15975,2.1871,1.96309,2.09837
UMA,2023-12-19,2.09839,2.31782,2.09437,2.20987
UMA,2023-12-20,2.2059,2.2743,2.15537,2.21707
UMA,2023-12-21,2.22009,2.22993,2.13404,2.16641
UMA,2023-12-22,2.16641,2.2196,2.14432,2.21275
UMA,2023-12-23,2.20877,2.22384,2.1169,2.19407
UMA,2023-12-24,2.19407,2.29028,2.16451,2.19745
UMA,2023-12-25,2.19743,2.33828,2.18442,2.30051
UMA,2023-12-26,2.30048,2.43283,2.19396,2.38976
UMA,2023-12-27,2.38776,2.48847,2.30895,2.36847
UMA,2023-12-28,2.36823,2.41445,2.2084,2.23596
UMA,2023-12-29,2.23596,2.31909,2.14345,2.16043
UMA,2023-12-30,2.16043,2.27484,2.16043,2.25393
UMA,2023-12-31,2.25493,2.28674,2.21276,2.26443
UMA,2024-01-01,2.2064,2.28446,2.14998,2.28243
UMA,2024-01-02,2.28246,2.34003,2.20884,2.24483
UMA,2024-01-03,2.24585,2.3447,1.79623,2.14479
UMA,2024-01-04,2.14284,2.18653,2.07441,2.13454
UMA,2024-01-05,2.13452,2.26588,2.04539,2.09065
UMA,2024-01-06,2.09065,2.11486,1.94078,2.04323
UMA,2024-01-07,2.02511,2.08708,1.84611,1.8752
UMA,2024-01-08,1.8692,1.92769,1.72593,1.91771
UMA,2024-01-09,1.91871,1.93855,1.78421,1.86458
UMA,2024-01-10,1.86458,2.02661,1.83051,2.0095
UMA,2024-01-11,2.00952,2.11074,1.9773,2.0371
UMA,2024-01-12,2.0381,2.15598,1.88279,1.91274
UMA,2024-01-13,1.91081,2.01252,1.8884,2.01152
UMA,2024-01-14,2.01152,2.01958,1.93649,1.97405
UMA,2024-01-15,1.97305,2.09491,1.92465,1.97318
UMA,2024-01-16,1.97318,2.03682,1.97316,2.0307
UMA,2024-01-17,2.02968,2.10206,1.98379,2.04795
UMA,2024-01-18,2.04795,2.82317,1.96698,2.66231
UMA,2024-01-19,2.64932,6.47671,2.50959,5.27178
UMA,2024-01-20,5.27777,5.57897,3.93928,4.66217
UMA,2024-01-21,4.65618,6.36137,4.48681,5.55555
UMA,2024-01-22,5.55811,6.06708,4.86269,5.80278
UMA,2024-01-23,5.79579,7.0144,5.34743,5.69199
UMA,2024-01-24,5.72296,6.39403,5.11613,5.13233
UMA,2024-01-25,5.13233,5.58476,4.56908,5.33612
UMA,2024-01-26,5.32712,5.85819,5.08205,5.17491
UMA,2024-01-27,5.17386,5.66543,5.02205,5.35595
UMA,2024-01-28,5.35595,5.39681,5.04619,5.05719
UMA,2024-01-29,5.05919,5.27673,4.96291,5.125
UMA,2024-01-30,5.12505,5.25895,4.83969,5.2129
UMA,2024-01-31,5.21895,5.21895,4.40162,4.43152
UMA,2024-02-01,4.43152,4.55577,4.24539,4.51069
UMA,2024-02-02,4.51069,4.69638,4.26102,4.48362
UMA,2024-02-03,4.48362,4.50306,4.26925,4.4115
UMA,2024-02-04,4.4075,4.45862,4.10644,4.1792
UMA,2024-02-05,4.11411,4.20287,4.02242,4.08264
UMA,2024-02-06,4.08264,4.21855,4.04579,4.13772
UMA,2024-02-07,4.13768,4.30924,4.05172,4.16917
UMA,2024-02-08,4.16912,4.18608,3.9798,4.03285
UMA,2024-02-09,4.03285,4.26415,4.00872,4.1444
UMA,2024-02-10,4.13744,4.21069,4.06714,4.09319
UMA,2024-02-11,4.09719,4.13974,3.97319,4.00212
UMA,2024-02-12,3.99916,4.80614,3.93622,4.46596
UMA,2024-02-13,4.47192,4.49607,4.14533,4.32369
UMA,2024-02-14,4.32573,4.45641,4.21018,4.43112
UMA,2024-02-15,4.43012,4.74374,4.30063,4.44987
UMA,2024-02-16,4.44987,4.48351,4.17008,4.22625
UMA,2024-02-17,4.22625,4.26539,4.0136,4.01488
UMA,2024-02-18,4.17975,4.24847,4.16079,4.24847
UMA,2024-02-19,4.24655,4.29599,4.13541,4.26402
UMA,2024-02-20,4.26498,4.50595,3.68503,3.88274
UMA,2024-02-21,3.88278,4.03748,3.77758,3.924
UMA,2024-02-22,3.924,3.98476,3.81785,3.90575
UMA,2024-02-23,3.90671,3.95592,3.76292,3.88446
UMA,2024-02-24,3.88746,4.02152,3.78374,3.97596
UMA,2024-02-25,3.981,4.05904,3.87781,3.97784
UMA,2024-02-26,3.9798,4.22792,3.89284,4.17271
UMA,2024-02-27,4.17271,4.34152,4.08376,4.27771
UMA,2024-02-28,4.27671,4.78349,3.61341,4.17492
UMA,2024-02-29,4.16992,4.36945,3.99423,4.04238
UMA,2024-03-01,4.05239,4.32937,4.04954,4.32933
UMA,2024-03-02,4.32833,4.51641,4.32524,4.4813
UMA,2024-03-03,4.48139,4.70888,4.17959,4.3189
UMA,2024-03-04,4.32094,4.46087,4.16746,4.37781
UMA,2024-03-05,4.37746,4.64146,3.59134,3.81363
UMA,2024-03-06,3.81763,4.13471,3.80947,3.96998
UMA,2024-03-07,3.95898,4.19416,3.89567,4.143
UMA,2024-03-08,4.17496,4.33692,3.97383,4.23875
UMA,2024-03-09,4.23875,5.48334,4.22415,4.78231
UMA,2024-03-10,4.78331,4.92692,4.56024,4.58769
UMA,2024-03-11,4.59383,4.82312,4.47283,4.66893
UMA,2024-03-12,4.66993,5.18833,4.54323,4.91534
UMA,2024-03-13,4.92935,5.14626,4.79026,4.91395
UMA,2024-03-14,4.78761,4.8202,4.41238,4.63038
UMA,2024-03-15,4.63033,4.68547,4.07618,4.3553
UMA,2024-03-16,4.37639,4.54327,3.95183,4.01663
UMA,2024-03-17,4.01171,4.15288,3.80619,4.12877
UMA,2024-03-18,4.12977,4.17262,3.81339,3.86973
UMA,2024-03-19,3.86477,3.97044,3.39127,3.4972
UMA,2024-03-20,3.48993,3.91253,3.43125,3.88196
UMA,2024-03-21,3.884,3.95096,3.7415,3.86111
UMA,2024-03-22,3.86307,3.95368,3.63545,3.71682
UMA,2024-03-23,3.71682,3.906,3.71282,3.84
UMA,2024-03-24,3.84396,3.9498,3.75683,3.93772
UMA,2024-03-25,3.93876,4.17004,3.90329,4.11462
UMA,2024-03-26,4.11362,4.28833,4.05869,4.15904
UMA,2024-03-27,4.16908,4.77657,4.15004,4.30645
UMA,2024-03-28,4.30341,4.37351,4.15759,4.2699
UMA,2024-03-29,4.2699,4.39579,4.18642,4.34909
UMA,2024-03-30,4.34134,4.36405,4.18096,4.20064
UMA,2024-03-31,4.19864,4.44658,4.16179,4.37552
UMA,2024-04-01,4.38053,4.45129,4.04243,4.16558
UMA,2024-04-02,4.16958,4.2194,3.73892,3.79952
UMA,2024-04-03,3.80052,3.94974,3.63705,3.70707
UMA,2024-04-04,3.70304,3.89899,3.63458,3.7669
UMA,2024-04-05,3.7629,3.81271,3.57597,3.75746
UMA,2024-04-06,3.77717,3.82303,3.73968,3.79491
UMA,2024-04-07,3.79495,3.92186,3.78198,3.83031
UMA,2024-04-08,3.84731,4.04254,3.7923,4.00376
UMA,2024-04-09,4.00376,4.03992,3.71596,3.73728
UMA,2024-04-10,3.73728,3.75042,3.45538,3.53489
UMA,2024-04-11,3.53789,3.66878,3.47823,3.57525
UMA,2024-04-12,3.57529,3.65044,2.57445,2.87286
UMA,2024-04-13,2.87383,2.93788,2.10602,2.29986
UMA,2024-04-14,2.30086,2.62931,2.26486,2.52776
UMA,2024-04-15,2.52876,2.79896,2.51168,2.56144
UMA,2024-04-16,2.56344,2.70181,2.48947,2.68954
UMA,2024-04-17,2.67854,2.69994,2.46698,2.61871
UMA,2024-04-18,2.62371,2.64327,2.49188,2.62479
UMA,2024-04-19,2.62479,2.77072,2.398,2.67683
UMA,2024-04-20,2.67888,2.91773,2.60907,2.90487
UMA,2024-04-21,2.90287,2.92817,2.78361,2.85048
UMA,2024-04-22,2.84848,2.94162,2.80822,2.87483
UMA,2024-04-23,2.87486,3.15432,2.82853,2.94194
UMA,2024-04-24,2.94194,3.04279,2.771,2.81641
UMA,2024-04-25,2.81141,2.9283,2.68741,2.88533
UMA,2024-04-26,2.88533,2.90216,2.74155,2.81713
UMA,2024-04-27,2.81072,2.87614,2.65994,2.83045
UMA,2024-04-28,2.83545,2.92554,2.82389,2.85728
UMA,2024-04-29,2.86128,2.86514,2.644,2.668
UMA,2024-04-30,2.66904,2.771,2.48804,2.55268
UMA,2024-05-01,2.55467,2.62332,2.39581,2.56015
UMA,2024-05-02,2.56615,2.6091,2.49645,2.59713
UMA,2024-05-03,2.5971,2.7394,2.53123,2.72414
UMA,2024-05-04,2.72417,2.75708,2.67775,2.71227
UMA,2024-05-05,2.71227,2.80425,2.64924,2.74633
UMA,2024-05-06,2.74633,2.85997,2.69003,2.74105
UMA,2024-05-07,2.74103,2.74651,2.63492,2.64492
UMA,2024-05-08,2.64787,4.11368,2.54567,3.61388
UMA,2024-05-09,3.62088,4.38394,3.08643,3.85538
UMA,2024-05-10,3.85438,4.09463,3.42897,3.5359
UMA,2024-05-11,3.5369,4.26185,3.53394,3.86515
UMA,2024-05-12,3.86615,4.70826,3.7555,4.38311
UMA,2024-05-13,4.38411,4.46008,3.79228,3.91657
UMA,2024-05-14,3.91357,4.2252,3.67179,3.71066
UMA,2024-05-15,3.68967,3.71392,3.50333,3.67817
UMA,2024-05-16,3.67417,3.8175,3.448,3.63333
UMA,2024-05-17,3.64133,3.70144,3.54432,3.61123
UMA,2024-05-18,3.61126,3.75671,3.55932,3.60161
UMA,2024-05-19,3.60161,3.62762,3.4549,3.47776
UMA,2024-05-20,3.42179,3.64664,3.38,3.59637
UMA,2024-05-21,3.59637,3.67562,3.53983,3.56007
UMA,2024-05-22,3.56507,3.79724,3.558,3.60345
UMA,2024-05-23,3.61544,3.65217,3.20372,3.33786
UMA,2024-05-24,3.33686,3.71548,3.29898,3.61757
UMA,2024-05-25,3.62157,3.73603,3.48762,3.52629
UMA,2024-05-26,3.52529,3.55564,3.38527,3.39705
UMA,2024-05-27,3.39771,3.62466,3.39568,3.54638
UMA,2024-05-28,3.54638,3.55541,3.36662,3.41948
UMA,2024-05-29,3.42248,3.56158,3.38238,3.51713
UMA,2024-05-30,3.51713,3.56372,3.38632,3.39881
UMA,2024-05-31,3.39881,3.45692,3.33163,3.45588
UMA,2024-06-01,3.45092,3.4595,3.31801,3.34802
UMA,2024-06-02,3.35431,3.37423,3.20205,3.26127
UMA,2024-06-03,3.26327,3.32187,3.20411,3.21245
UMA,2024-06-04,3.21245,3.332,3.19926,3.292
UMA,2024-06-05,3.292,3.36637,3.287,3.34933
UMA,2024-06-06,3.3483,3.38903,3.25686,3.29791
UMA,2024-06-07,3.29991,3.87985,3.12843,3.3247
UMA,2024-06-08,3.32977,3.36642,3.00661,3.01567
UMA,2024-06-09,3.01264,3.14272,3.00267,3.06954
UMA,2024-06-10,3.06831,3.1056,2.94617,3.00319
UMA,2024-06-11,3.00919,3.0187,2.76956,2.8384
UMA,2024-06-12,2.8384,3.0109,2.72975,2.92403
UMA,2024-06-13,2.92304,2.93203,2.73815,2.76289
UMA,2024-06-14,2.7439,3.00129,2.69635,2.75307
UMA,2024-06-15,2.81703,2.91719,2.7845,2.82639
UMA,2024-06-16,2.82639,3.06658,2.82442,2.9996
UMA,2024-06-17,3.0006,3.03215,2.67936,2.77172
UMA,2024-06-18,2.7677,2.79569,2.33713,2.42167
UMA,2024-06-19,2.42067,2.66247,2.40475,2.62595
UMA,2024-06-20,2.62595,2.74779,2.55641,2.62014
UMA,2024-06-21,2.62014,2.68928,2.56669,2.61338
UMA,2024-06-22,2.61438,2.63374,2.55644,2.58896
UMA,2024-06-23,2.58871,2.62477,2.4594,2.51624
UMA,2024-06-24,2.51826,2.52348,2.35252,2.49817
UMA,2024-06-25,2.49718,2.66269,2.49118,2.60153
UMA,2024-06-26,2.6065,2.771,2.55518,2.63292
UMA,2024-06-27,2.65098,2.67105,2.55759,2.60942
UMA,2024-06-28,2.6095,2.66335,2.49824,2.508
UMA,2024-06-29,2.51798,2.53198,2.32922,2.35
UMA,2024-06-30,2.35,2.4173,2.32597,2.37828
UMA,2024-07-01,2.37529,2.47178,2.35372,2.37336
UMA,2024-07-02,2.37536,2.38449,2.25495,2.28134
UMA,2024-07-03,2.28434,2.3086,2.21456,2.21953
UMA,2024-07-04,2.21953,2.25649,2.04732,2.08781
UMA,2024-07-05,2.08681,2.09281,1.69958,1.83015
UMA,2024-07-06,1.83015,2.07617,1.82096,2.05906
UMA,2024-07-07,2.05704,2.08017,1.92671,1.92879
UMA,2024-07-08,1.93281,2.08888,1.83383,1.99282
UMA,2024-07-09,1.98922,2.07488,1.9738,2.04896
UMA,2024-07-10,2.04896,2.10985,2.01996,2.05184
UMA,2024-07-11,2.05184,2.11681,2.00104,2.01194
UMA,2024-07-12,2.01194,2.04657,1.96004,2.02038
UMA,2024-07-13,2.02038,2.09936,2.0034,2.07635
UMA,2024-07-14,2.07662,2.12847,2.03061,2.07175
UMA,2024-07-15,2.07177,2.1961,2.07075,2.17108
UMA,2024-07-16,2.17209,2.27659,2.10659,2.23626
UMA,2024-07-17,2.24096,2.56036,2.22189,2.37321
UMA,2024-07-18,2.37521,2.37795,2.18467,2.21356
UMA,2024-07-19,2.20054,2.36792,2.13255,2.35599
UMA,2024-07-20,2.48507,2.56908,2.36294,2.377
UMA,2024-07-21,2.37602,2.54202,2.28521,2.4935
UMA,2024-07-22,2.49252,2.515,2.39002,2.39872
UMA,2024-07-23,2.39872,2.43998,2.30621,2.31128
UMA,2024-07-24,2.32728,2.34807,2.20352,2.21562
UMA,2024-07-25,2.2156,2.23362,2.08748,2.16837
UMA,2024-07-26,2.15944,2.70457,2.15442,2.664
UMA,2024-07-27,2.664,2.69003,2.47037,2.60592
UMA,2024-07-28,2.60626,2.82275,2.42773,2.42878
UMA,2024-07-29,2.42778,2.60856,2.40776,2.46873
UMA,2024-07-30,2.46773,2.56418,2.40325,2.42527
UMA,2024-07-31,2.41248,2.706,2.40628,2.46106
UMA,2024-08-01,2.46011,2.58368,2.23572,2.33908
UMA,2024-08-02,2.32114,2.54279,2.17847,2.20147
UMA,2024-08-03,2.20147,2.22399,1.93688,1.97474
UMA,2024-08-04,1.97476,2.09672,1.84241,1.94734
UMA,2024-08-05,1.94604,1.96927,1.50398,1.68532
UMA,2024-08-06,1.68132,2.10376,1.66422,2.04578
UMA,2024-08-07,2.04478,2.05274,1.83304,1.87419
UMA,2024-08-08,1.87719,2.03505,1.82424,2.00858
UMA,2024-08-09,2.04561,2.19244,2.02977,2.06664
UMA,2024-08-10,2.06664,2.15382,2.04937,2.1254
UMA,2024-08-11,2.1304,2.14228,1.9612,1.9672
UMA,2024-08-12,1.9672,2.07937,1.93733,2.02122
UMA,2024-08-13,2.02122,2.11246,1.98444,2.07725
UMA,2024-08-14,2.08325,2.10761,1.98956,2.01416
UMA,2024-08-15,2.01418,2.122,1.97716,2.06237
UMA,2024-08-16,2.06337,2.13641,1.97414,2.06458
UMA,2024-08-17,2.06044,2.07056,1.98916,2.04218
UMA,2024-08-18,2.04118,2.2421,2.02916,2.12442
UMA,2024-08-19,2.12442,2.18344,2.05531,2.13447
UMA,2024-08-20,2.13447,2.19834,2.02434,2.05802
UMA,2024-08-21,2.05502,2.17417,2.02896,2.16317
UMA,2024-08-22,2.16408,2.20042,2.12051,2.16811
UMA,2024-08-23,2.16911,2.32658,2.16413,2.31283
UMA,2024-08-24,2.31283,2.40272,2.27125,2.33182
UMA,2024-08-25,2.3374,2.44295,2.25479,2.36483
UMA,2024-08-26,2.36483,2.37686,2.20081,2.2014
UMA,2024-08-27,2.2014,2.41776,2.19,2.215
UMA,2024-08-28,2.223,2.4998,2.132,2.2542
UMA,2024-08-29,2.2542,2.39041,2.15796,2.16498
UMA,2024-08-30,2.16498,2.40366,2.05255,2.38069
UMA,2024-08-31,2.38069,2.41652,2.23389,2.28794
UMA,2024-09-01,2.29063,2.29454,2.14963,2.18161
UMA,2024-09-02,2.18063,2.31558,2.05963,2.23562
UMA,2024-09-03,2.23255,2.39576,2.22709,2.26637
UMA,2024-09-04,2.26755,2.28,2.13264,2.21676
UMA,2024-09-05,2.21776,2.29775,2.09443,2.11724
UMA,2024-09-06,2.11858,2.19163,2.00582,2.04993
UMA,2024-09-07,2.05093,2.13255,2.04793,2.07779
UMA,2024-09-08,2.08138,2.16661,2.05263,2.13479
UMA,2024-09-09,2.12685,2.24627,2.11915,2.2314
UMA,2024-09-10,2.2334,2.26775,2.19491,2.24984
UMA,2024-09-11,2.24984,2.2519,2.13538,2.1972
UMA,2024-09-12,2.19656,2.30995,2.1912,2.28182
UMA,2024-09-13,2.28191,2.32593,2.22076,2.30892
UMA,2024-09-14,2.30892,2.33144,2.23371,2.25741
UMA,2024-09-15,2.25723,2.29546,2.20624,2.21322
UMA,2024-09-16,2.21392,2.21933,2.10743,2.1278
UMA,2024-09-17,2.12749,2.22522,2.10879,2.1942
UMA,2024-09-18,2.1942,2.20322,2.02498,2.14606
UMA,2024-09-19,2.14607,2.29346,2.13015,2.22034
UMA,2024-09-20,2.22144,2.32979,2.21631,2.28821
UMA,2024-09-21,2.28846,2.54918,2.23798,2.39124
UMA,2024-09-22,2.39124,2.4882,2.33098,2.342
UMA,2024-09-23,2.334,2.50882,2.28782,2.41588
UMA,2024-09-24,2.41388,2.43078,2.34477,2.40088
UMA,2024-09-25,2.40086,2.44088,2.36555,2.3696
UMA,2024-09-26,2.3696,2.48925,2.28938,2.42824
UMA,2024-09-27,2.43424,2.64745,2.42005,2.63447
UMA,2024-09-28,2.63447,2.69832,2.53335,2.60049
UMA,2024-09-29,2.59848,2.82743,2.56328,2.7559
UMA,2024-09-30,2.76645,2.80003,2.63121,2.69614
UMA,2024-10-01,2.69614,3.18662,2.60222,2.83126
UMA,2024-10-02,2.83226,3.093,2.73832,2.92624
UMA,2024-10-03,2.92221,2.97632,2.70749,2.90065
UMA,2024-10-04,2.90065,3.08769,2.80155,3.00297
UMA,2024-10-05,3.00397,3.06979,2.87357,2.91356
UMA,2024-10-06,2.914,2.96264,2.85186,2.9395
