date (UTC),description,moneyIn (Satoshi),moneyOut (Satoshi),tx hash,current balance (Satoshi)
7/6/20 4:33,PAYMENT RECEIVED,13015,0,50dbef264fdb4ae43e8083f37117e4bcd5d7c1ac8c94a41e2a54de6bf832a92a,16928174
14/5/20 15:20,PAYMENT RECEIVED,20000,0,50a24d7b290cc4e5daf558799517cac7e2600e22856f4c7100d089923f663af5,16915159
23/7/19 10:25,PAYMENT RECEIVED,547,0,8163009e0c5a75c481593a75dda410389d04cb1973f8809b3d66baeba2aa9baf,16895159
4/6/19 15:32,PAYMENT SENT,0,-3.62771E+12,ade2be579a0c58d38a6a812ce85ed96980313c3aca59d762a1779233bd64ede4,6.17627E+12
4/6/19 15:32,PAYMENT SENT,0,-1.90003E+11,61a640e8d76c741ea2399c930d6077e8634e35731bb1c7b6dbfffc59bee382e2,5.98626E+12
5/6/19 0:31,PAYMENT SENT,0,-3.63495E+12,86fb361b6098c5f8b083af539adbc0929d69dc6b3cdd516e29ea9761581510d9,2.35131E+12
5/6/19 0:50,PAYMENT SENT,0,-2.35129E+12,834dea449693ac8380eecd906936db0eb514ae9b4426def3e3534c8525447fea,16363440
5/6/19 1:55,PAYMENT RECEIVED,3216,0,fa2362a2d98244dd770df01391c436744f1a19f08d5a7ece27f6dde563772083,16366656
25/6/19 14:58,PAYMENT RECEIVED,527956,0,3ad32d30c93fb8d05e2bd10cbb2e099624d56408b83c8588b521ae7cddea93f4,16894612
8/5/19 12:06,PAYMENT SENT,0,-9999100000,f80ecb3bd56fe6e6c3727dfdcd4cfd18a741495fab26fe4991987fff31a6b3c9,1.08035E+13
11/5/19 13:35,PAYMENT RECEIVED,10000,0,04fff465e9ee179078ee7929699dffef6b91b390b5a7c3fe4f6fe27a919ae28a,1.08035E+13
22/5/19 2:45,PAYMENT SENT,0,-6.04447E+11,59f589f51fd054b82a083104b80692e3b5c05124661fcffdde7e0ad2e112ac65,1.0199E+13
22/5/19 2:50,PAYMENT SENT,0,-3.9504E+11,67b9e3c2e09d86d9628190162f7d7294bc169c62e0d8b242027485cfb719b790,9.80398E+12
28/5/19 21:27,PAYMENT RECEIVED,450000,0,4266f774bbd6fa3c65c147e236cf8b62cac4380283757300364f7232aad69d77,9.80398E+12
28/5/19 21:53,PAYMENT RECEIVED,400000,0,70aab2069d92a12a4dca75258ba45d325d5bbc02808b56ffa3d3d9cb7bb1da16,9.80398E+12
26/4/19 5:04,PAYMENT RECEIVED,18821,0,00f8d3b7d76a279d214db9e3cbcf4fe29a934abe274a79c57909df1e2b03addb,1.08135E+13
3/3/19 20:55,PAYMENT RECEIVED,12000,0,b336d8ecb37698396db9997367db4e1a41b0eaf95db066ef233a4f28d8bb4a0a,1.08135E+13
14/3/19 16:54,PAYMENT RECEIVED,1000,0,d23810dad1ec94004b428dcc56cd9373784a8f4a82b5f7921805db33b29f9444,1.08135E+13
21/3/19 8:02,PAYMENT RECEIVED,546,0,dccc235556a3dc7c22a34fd634c49cbeb0e7e69d1ded27495539a363955df2bf,1.08135E+13
31/3/19 1:44,PAYMENT RECEIVED,888,0,24ce79cd770e7b0aefd5971492ea058f5237b314088e7779b3425561f8adfc06,1.08135E+13
31/3/19 23:39,PAYMENT RECEIVED,975,0,d14fbf1b36222c7e7111a877b2f7e948ec65825da88da7a1683cbdf55990d369,1.08135E+13
3/2/19 16:33,PAYMENT RECEIVED,32500,0,664fe4d9cf18ebd66d1daba5d41b2a1e103b7401d1ce8aa8eceb3ce0e43f50af,1.08135E+13
4/2/19 16:42,PAYMENT RECEIVED,1000,0,419e9369c817b1ca86e978ec225d925b98dc6f8ec970bec8eae8765696a34b85,1.08135E+13
4/2/19 20:39,PAYMENT RECEIVED,1882,0,2ea357a35fc899745d8228576c3bbcbc30a98dc08085a1b9ae8840d5966fbb95,1.08135E+13
16/1/19 7:59,PAYMENT RECEIVED,13370,0,840b0870b2fd908df41c40cd29564dcccb75e4afce05420c824525ea2788a954,1.08135E+13
25/1/19 21:36,PAYMENT RECEIVED,799,0,a2ac1612988731e62e60bb326edfa248a1996306d69dd979e112022a6a19cb96,1.08135E+13
9/12/18 4:53,PAYMENT RECEIVED,888,0,4b77fcc1ee8bb66345751a667dbe6789aa52b8c2ea8b0c0bed9fb318677fe8d0,1.08135E+13
10/12/18 14:00,PAYMENT RECEIVED,1000,0,2de340d3a567636cbc273b1a75169b285e4911c2d4d5915610bcdfeaf4a862a3,1.08135E+13
25/12/18 2:49,PAYMENT RECEIVED,310000,0,44f118169093d8729c256e184926c14232bc2633f2f1532c386f43b86c303c67,1.08135E+13
31/12/18 10:59,PAYMENT RECEIVED,2019,0,cebb60f91a6c13ab3d658e1e2c1005f5b7c52b600803ee3b61ca1d2f37572b0b,1.08135E+13
2/11/18 23:31,PAYMENT RECEIVED,555,0,ebfb3ec7576a0ee45193c3c675f3b08033b0f404a0cf7a223ab3f25ce991afaf,9.80425E+12
23/11/18 8:20,PAYMENT RECEIVED,555,0,e42931e1760fe3586d82e3f375a8e76cf55c47ad552b6f6423f7912798414ef9,1.08135E+13
18/11/18 11:06,PAYMENT RECEIVED,777,0,239664e4e915ecd76dc9c1aefeb2b95613f90cf26570a468257a773454182007,1.08135E+13
17/11/18 10:38,PAYMENT RECEIVED,777,0,0daee516eebffa2f0aa85977aed1adcf429205c935434d7f20dc3decfd473315,1.08135E+13
12/11/18 9:14,PAYMENT RECEIVED,6.03163E+11,0,29e9404d05698bade256981fa88b6e44e42d90ea33c260713ce5262f820faa0c,1.08135E+13
10/11/18 9:51,PAYMENT RECEIVED,666,0,ce0d69725cba612732d9941215acaac8f349f2a3a8a5a251ec0d9d4dded7439b,1.02103E+13
8/11/18 3:38,PAYMENT RECEIVED,3.06053E+11,0,b49f270a1ee7f153da2c22e5f106ccf40c5e94e271d0539d81ac9a14996aca60,1.02103E+13
7/11/18 5:15,PAYMENT RECEIVED,1E+11,0,95ce8e27a724f0177ba77c1c9f1e253d6b0834a8708d00f0a90ca02de067ba36,9.90425E+12
3/11/18 10:49,PAYMENT RECEIVED,8888,0,b80fc6542dd5a5b95c98135ae01de2333b04360f86c9d685c3419673df6cf187,9.80425E+12
26/11/18 1:16,PAYMENT RECEIVED,24811,0,102c9c473fb08029311fd0f58703279696db2511d7efffbef2345a4148f1d198,1.08135E+13
1/10/18 20:33,PAYMENT RECEIVED,100000,0,f50af674aa9c5b01d3ac4c9ad3c030389dace3a65e9a32e995e05860184e4f3d,9.80425E+12
10/10/18 17:24,PAYMENT RECEIVED,20000,0,dec455141c9439a808c166b68fb1e5f9e44c7ce0e6c24f8b1ddf02735ada09d4,9.80425E+12
11/10/18 16:00,PAYMENT RECEIVED,1710,0,907cbe9492f50ebeb272795c1668bad6532e9ccd79f6392112ae9360c18ba450,9.80425E+12
18/10/18 7:52,PAYMENT RECEIVED,667,0,eb32b15182dfb51387714300beaaeb4a72592d53bcac62308c4780eee0479b6b,9.80425E+12
19/10/18 7:06,PAYMENT RECEIVED,1254000,0,8e910a9e9ec714072e6bcd462c98b8174c31ddf9445d12042b1228b7b5ed266c,9.80425E+12
21/10/18 14:12,PAYMENT RECEIVED,666,0,ad2b58216d977597b357916f1ef0773864bee73f34c541f55c393b6598204bee,9.80425E+12
23/10/18 11:50,PAYMENT RECEIVED,888,0,1d6580dcd979951bd600252b741c22a3ea8e605e43168f8452c68915c3ea2bf3,9.80425E+12
25/10/18 3:39,PAYMENT RECEIVED,777,0,1f55c8f32c76cc722c2c9db2e82e7a677bb57f40fa5194c27196d9a308aae487,9.80425E+12
28/10/18 4:50,PAYMENT RECEIVED,555,0,e002ab5c999ccfff8121f886c52368d773f287e6472d4990fa2f782dc701bb16,9.80425E+12
5/9/18 14:51,PAYMENT RECEIVED,1000,0,cf9ffb71b7c4eec8aa3a7b502febc68d25a154be22456cb9eb6bb7ee77376fe2,9.80425E+12
7/9/18 19:39,PAYMENT RECEIVED,1568,0,99e3e73a2390af98450df5eef0b7d1c5154a2262202d022e64beda65942c833a,9.80425E+12
5/8/18 16:54,PAYMENT RECEIVED,123400,0,b671dc4527acf6da2c9e2702fe716bcd38e690eac2fbb977bb14e18e4069e737,9.80425E+12
8/8/18 14:43,PAYMENT RECEIVED,35902,0,a3491b9d227b5a7d716a74a8aa891a2f70e49a6ca1fd7c53965a80daa776ee30,9.80425E+12
26/8/18 5:28,PAYMENT RECEIVED,686,0,5eeb4c6c6a430c86204175650ca4ba083fdc354c023e2ab2b43c8b1b0113e0f9,9.80425E+12
1/7/18 21:18,PAYMENT RECEIVED,100000,0,91133254594a87215200a1290301d8de6013e441a351f74ba7731b7fb782dc7e,9.80425E+12
3/7/18 6:10,PAYMENT RECEIVED,547,0,13d19bc38876d224f29b62959f0ecdfcc64cc48c5a29976063f695601cdcb511,9.80425E+12
3/7/18 13:59,PAYMENT RECEIVED,777,0,a22c570073e15d51de0cb62329197e55a25d1f70c9f668937ca8d43a94bf196a,9.80425E+12
7/7/18 14:23,PAYMENT RECEIVED,1000,0,fd502081d010787649d6855d58b2b9feef722851fcbfb6b4528d157aa1032229,9.80425E+12
7/7/18 16:10,PAYMENT RECEIVED,832,0,c7a10411898504ca9adf0926479233495e43dd439ef98f82a281c53a551972b5,9.80425E+12
7/7/18 16:10,PAYMENT RECEIVED,776,0,ace07ab67ff073f19acea1d30eaf0b412c751736986c8ecdf8bcf0ce7a423bcf,9.80425E+12
22/7/18 21:03,PAYMENT RECEIVED,8870,0,1c11a921d50b93f32dfacd0dc688abfec74a13c4ff7cb297bfef4f3f1bce6369,9.80425E+12
22/7/18 22:55,PAYMENT RECEIVED,1000,0,0015646c3df821b035a15837b26c65f458276c05128bbaeae3293284d178d14e,9.80425E+12
22/7/18 23:22,PAYMENT RECEIVED,3500,0,d60eed9b025f9c5d3fe3b168e2f64e0abcb880123c1c0a51290eaeddbd60b8d7,9.80425E+12
2/6/18 2:24,PAYMENT RECEIVED,100000000,0,4769c93d8c9e0d5eaf8311ac8af513e23096ae461da0256a77cf70ca73fd4e4b,9.80425E+12
16/6/18 15:30,PAYMENT RECEIVED,50505,0,e291e64abea0d02f4aebbc1a5777e0fbec57d60dcf0ef332ceba4e2487264923,9.80425E+12
21/6/18 18:17,PAYMENT RECEIVED,1000,0,1a40234ad663d648e186baec4096b7921388dfa182f0c476b80502e77a118705,9.80425E+12
22/6/18 9:21,PAYMENT RECEIVED,1000,0,719374022b16f6b63989c51970aff51b54890e31409459c20e1e40469f5e79d8,9.80425E+12
24/6/18 16:15,PAYMENT RECEIVED,545,0,d04f1ed2fdd2a82a172da898cc00d910cfb78b388538175a0bf48d779b22182f,9.80425E+12
28/6/18 21:25,PAYMENT RECEIVED,1000,0,05e58f258b1d46b0c7c075a5ff89c36232c6f307e62975953869ccb0aa1cf5ff,9.80425E+12
29/6/18 8:33,PAYMENT RECEIVED,20000,0,dddf8e9d61d5286ce39f95692748af7554d501cc59f6878ec8c0d9d333b1bead,9.80425E+12
8/5/18 8:35,PAYMENT RECEIVED,666,0,de237a7c00c2471543b2493d6c43b2a163595d70740d08cedc7c9107f5ca6438,9.80415E+12
17/5/18 1:52,PAYMENT RECEIVED,555,0,12615eba0b0e9be676b420dc6ddbd1a275061dd0dc4054faf246fd34da2c9a12,9.80415E+12
19/5/18 6:04,PAYMENT RECEIVED,7600,0,641eb8677c87920b0bd262294e5a071214605be5b23274022a1106da3fa08c6b,9.80415E+12
19/5/18 6:04,PAYMENT RECEIVED,7200,0,f7330b72142e04a2539af46a9a5682f11fc478cfcae1ada5981e08e47d9b1a9f,9.80415E+12
19/5/18 6:04,PAYMENT RECEIVED,6900,0,1598f9980e2e766646b4d1dd5619a80bc79e0f9a0ffd5806916a2851b1e3f247,9.80415E+12
19/5/18 6:04,PAYMENT RECEIVED,8000,0,8b611cacbb078541b0287ec664f4fa20712380c5b9f9357db17d23e19e019c82,9.80415E+12
21/5/18 5:02,PAYMENT RECEIVED,3300,0,9f840f419e4a1421d446626d3c6fc00ebf737f4a0d5d9fa09068ae23712b7c59,9.80415E+12
2/4/18 1:20,PAYMENT RECEIVED,1000,0,c651b74531012baac01713004a83956b05b79d0525d3af5fde5526a9b06d35b7,9.23471E+12
25/4/18 7:53,PAYMENT SENT,0,-3.01451E+11,fb614d4a9a24268dde45ef19f55687ce239de0dc5813e9cc16b99b475487ced9,9.80415E+12
21/4/18 22:29,PAYMENT RECEIVED,15800,0,75d244e223bf904995a22e0c3e268abb7782c19d68a52de9bcd9afd866f53b2e,1.01056E+13
16/4/18 16:15,PAYMENT SENT,0,-6.60171E+11,e49ea517ab27921fde2b18423938e0655a4f0cd41812f9c882d0112cba6193e1,1.01056E+13
10/4/18 23:45,PAYMENT RECEIVED,2.60968E+11,0,8d11b04fe26c7c4eff506a052bc74d12fdd2fe940bcd7ee048f42ac9ae2f6ff9,1.07658E+13
10/4/18 23:32,PAYMENT RECEIVED,1026,0,374283ab40ede70ddaa21a6c906765d9ab2780d0cef22e7edfec850b9bd877a7,1.05048E+13
10/4/18 23:32,PAYMENT RECEIVED,3.4E+11,0,0a1aa1bb2184217dc3cf6ad625106342692669ec930cc64fff2492147926a165,1.05048E+13
10/4/18 23:11,PAYMENT RECEIVED,3.4E+11,0,d00fc2c4db89fd5de0db848ac31da88bdb95852e49304ecb4635882ae7ec9cd3,1.01648E+13
10/4/18 5:14,PAYMENT RECEIVED,1000,0,7bf99a17a1a8b7192989854f24ffe106ecdc1c663a104af47e9147315f1cc61a,9.8248E+12
9/4/18 14:57,PAYMENT RECEIVED,1.90442E+11,0,bd5988b3ebaf8dc8f7755bd45998b3bbd7153287be6836ce8a5f8e2d2259f337,9.8248E+12
9/4/18 13:53,PAYMENT RECEIVED,2.09654E+11,0,a0f42c9cc6d3d93ce1f14552d8c9fe02a1fcda753f97aa559d4e28590c0603d4,9.63436E+12
9/4/18 8:00,PAYMENT RECEIVED,1000,0,8a8897f763081a1dfac198aa4bffde01150d961842b4b501bb0b8be669bb9116,9.42471E+12
8/4/18 9:56,PAYMENT RECEIVED,10000000000,0,84035ba5fff409e3c63fabb7ac811c25c4f03d47e8917c63e4ad4ce36450809b,9.42471E+12
8/4/18 9:56,PAYMENT RECEIVED,1.8E+11,0,56352d1b455297f3733b4be3533183dd66e631751f2acd67d8b43df2f709e41e,9.41471E+12
7/4/18 12:30,PAYMENT RECEIVED,1000,0,ea1de09fefb7e7b2290a0cf4732458814ff74056a7c1687f73cb288e6d9f8cac,9.23471E+12
2/4/18 14:51,PAYMENT RECEIVED,1009,0,62e50996d7629391aff9babae507d1db6f3d352ed9645567688e023e951785ba,9.23471E+12
26/4/18 2:53,PAYMENT RECEIVED,6000,0,a91fd0cf31c51373aed78a4bc47aac52395880d385a2a83df6c7ce2ee357781f,9.80415E+12
2/3/18 21:35,PAYMENT RECEIVED,888,0,5a50e7854b38be3feb8bfd0f36d1d03375db89e16b6a11196dbba97003183001,9.23471E+12
30/3/18 16:43,PAYMENT RECEIVED,777,0,b52b3db78bed28b058066b25b99c9446693bb1fc1928a835c262f0cddf37b012,9.23471E+12
30/3/18 16:10,PAYMENT RECEIVED,777,0,7ee15ad751b5e8f1fa8e9231e795a34db40c5021370fa22232612b419f7db4f9,9.23471E+12
30/3/18 14:38,PAYMENT RECEIVED,1000,0,c3d8994ca345ad5b4e0f508575fdcc40dbf1e71eb2c4be9a7829f7db98410a42,9.23471E+12
30/3/18 11:27,PAYMENT RECEIVED,911,0,dae78406bd988345af69051f037688936a23a70d22c469f3dbf04a38e8b0426e,9.23471E+12
30/3/18 11:01,PAYMENT RECEIVED,777,0,f3ab521974c3c43ae39944ed943d440d312fd05b72e01d687e05644bd870b370,9.23471E+12
28/3/18 3:55,PAYMENT RECEIVED,5432,0,f65b3e4c94cf71025c73b413372167e40434ce048682e4874894ced786c6fb04,9.23471E+12
15/3/18 23:38,PAYMENT RECEIVED,5432,0,cba9d5d720da09d83eb5a9fee6660fbfab11bffdd303127ea1f5ddcac5be776d,9.23471E+12
15/3/18 2:05,PAYMENT RECEIVED,10000,0,f4fa08e5e0ae8a3151573644b370d90266f0ef36ce1e5f41179034140be942af,9.23471E+12
11/3/18 13:39,PAYMENT RECEIVED,107348,0,1f131ad83c8a19242f3133605d7f87c74ed2441808e99a02c8e8f2f2e9b154c4,9.23471E+12
3/3/18 7:04,PAYMENT RECEIVED,1000,0,4b2e3a36392db3fc1bfd64229d6a7c8c7f1f3ffc2b0c715397abecddaa6e7a9e,9.23471E+12
31/3/18 14:52,PAYMENT RECEIVED,546,0,33b3ef2b554cec9d74100a36f02105d9437e201485d5cf86b1cc6e4ddc8de811,9.23471E+12
26/2/18 12:08,PAYMENT RECEIVED,10000,0,22656b66f0ed33f944c22405adf6efc1873e6632258942f9341745f5b8b95fb8,9.23471E+12
19/2/18 2:15,PAYMENT RECEIVED,22000,0,a79c3c4b0f2b2a571fcc17399b54bfe47971e850583ab16b1cad57a6bff81e7e,9.66509E+12
18/2/18 22:28,PAYMENT RECEIVED,188000,0,e6bee108abb716e3143b88ba7d11c7d7f407373811a76a83af992e0b9a2682fb,9.66509E+12
18/2/18 16:04,PAYMENT RECEIVED,10000,0,5f2f77fa0c84eba78f3feebc455be1a24b875312994edd89e13261799078a592,9.66509E+12
18/2/18 15:34,PAYMENT RECEIVED,28000,0,353892db14049b4cd1613fc6daee09934810f42c059d154d5f04fd09656c9ab7,9.66509E+12
18/2/18 8:32,PAYMENT RECEIVED,47237,0,59c8bf23aa3959c006a5d6fb7833bebee6fc37064f0917b2ded433e95a76369d,9.66509E+12
17/2/18 23:26,PAYMENT RECEIVED,6200,0,62396316df7fb5ca37a0f88be7c115f9e0c496e43de4803f719748d4abcfeddc,9.66509E+12
17/2/18 21:20,PAYMENT RECEIVED,10000,0,94adfdec020edf43f8e8721a88735030223c198d7fcdd4420c62e4540c429407,9.66509E+12
17/2/18 20:04,PAYMENT RECEIVED,9300,0,6a0673da1fa787df84e4e787523257906fc51670c70dcf490b90a557be9fae39,9.66509E+12
17/2/18 15:52,PAYMENT RECEIVED,229000,0,80dee50bd605dd26b3cfe2ddd7eae8b03ef94d2841ab9d26a3c52f5cfbd0635e,9.66509E+12
17/2/18 8:46,PAYMENT RECEIVED,101184,0,8fdc452855746e94e9b5e918b91f8ca2c917ba292527db2455c7d078a3e050a0,9.66509E+12
17/2/18 8:22,PAYMENT RECEIVED,2791,0,69780f78c11cf6ed55aa0077fe979abd8e85de88116e57f306fb903c86fb7b0a,9.66508E+12
17/2/18 5:59,PAYMENT RECEIVED,1000,0,e6ed57698117ae353afa83f9dedf9cf2844ccb8c4e0e155c3ad9cfa356e5200f,9.66508E+12
17/2/18 5:37,PAYMENT RECEIVED,19000,0,6c1aed8c5cf63e6b942bf9f9b6f9650c7c4f91978f422e90294ae852c3bca84e,9.66508E+12
17/2/18 4:12,PAYMENT RECEIVED,50595,0,73234d84f6e6ae71eaa1b5deaecda37ec3d12341c9015f3e02adbdb63a072d74,9.66508E+12
17/2/18 4:12,PAYMENT RECEIVED,11951,0,0c6b7227d3247af87e7202d6ba67a710066135540146e61eee29923c4a576a18,9.66508E+12
17/2/18 1:33,PAYMENT RECEIVED,980000,0,065176a580a3d379410b2423aebc320409539e22b91209e6801c91e5111d1b15,9.66508E+12
19/2/18 22:17,PAYMENT RECEIVED,600,0,ec310ddb9af2e6f275cf9245be0068f185942ff4e807041c39b97ecdb4ebfe9b,9.66509E+12
20/2/18 3:42,PAYMENT RECEIVED,34749,0,214e3ae66619537dd78213ed8bbe58ad3838054472a9a2756b18443cacbf27b5,9.66509E+12
25/2/18 15:17,PAYMENT RECEIVED,20000,0,7d45de9955aacb38b0641c773ab5647765142b27c2828a0c8b4eaceb1741cd9f,9.23471E+12
24/2/18 22:44,PAYMENT RECEIVED,11047,0,1755c21d054a4b67a3d086ef99c14573d5c662d7fad645fa2504b27b230f8240,9.23471E+12
24/2/18 10:27,PAYMENT RECEIVED,12000,0,2136183be4ba3b4ff272ad7c6c0bdaa74c7b8bd085354be7a276adda2a817458,9.23471E+12
23/2/18 1:59,PAYMENT RECEIVED,893,0,d1e65117b989ad88b70b1240cd1986e79586dedef336535d7380304fdd5a885f,9.23471E+12
23/2/18 1:02,PAYMENT RECEIVED,72926,0,92642a923476097b6ab404174cb30119832f0eb8090d1396753973036c7e1f25,9.23471E+12
23/2/18 1:02,PAYMENT RECEIVED,97234,0,431a9b3f434fa20f7cd92f5313e328be76c76fc836be1287b8c34e9d88e78364,9.23471E+12
22/2/18 22:34,PAYMENT RECEIVED,15405,0,f479cec451f0955fd13eeab06d1b3f4310ef2b6fca98b31c89ee2988dae31ff2,9.23471E+12
22/2/18 15:56,PAYMENT RECEIVED,36820,0,cafc2d3ca66e2eef8a528ae061b70af8d2c0369ebb3be9f8aa0cca9555537c17,9.23471E+12
22/2/18 12:54,PAYMENT RECEIVED,300000,0,e99e2a4f40dd21d3b95329359a369752cc9679d77f7e1b8a5da0b62789628964,9.23471E+12
21/2/18 20:19,PAYMENT RECEIVED,5660,0,d688433e53eecba1a96e902154e1ca864e4d4b0201b7b269b7da41d1d0ffe627,9.23471E+12
21/2/18 17:23,PAYMENT RECEIVED,236000,0,92379ee6b5ff595ce3d850f1b44fe6e5feae4ed19ec5f5a126f0cc6f699af351,9.23471E+12
21/2/18 6:18,PAYMENT SENT,0,-4.30381E+11,bfebcdd2c30b6ab7ad8b2081aed149c36d5b3d5df584f9f94ab51ef59234a2ae,9.23471E+12
21/2/18 2:27,PAYMENT RECEIVED,11000,0,d8b4000fe5857d16e5855dc946e2ae4d4b438215b3c7bb54eef25a0221650337,9.66509E+12
20/2/18 9:43,PAYMENT RECEIVED,8872,0,378808e1d11cf8e30e7f6a51cb869a0ac8a102bb863895589b7280b942601168,9.66509E+12
20/2/18 7:00,PAYMENT RECEIVED,13506,0,910effaf03ec0c664cc0d50ef9a518fa2c89671058c893ee191982665b139556,9.66509E+12
20/2/18 5:30,PAYMENT RECEIVED,10000,0,884787fadaf02027bc5cf7848be2b697d7431774ed17477807e5d19313d0dd04,9.66509E+12
17/2/18 1:05,PAYMENT RECEIVED,100000,0,297cdae6d1e2a0b515b8fa3985db385096efbed06e0bb5ae8609700b65ff8d9a,9.66508E+12
17/2/18 0:21,PAYMENT RECEIVED,30704,0,3bb1d525b172d1a33d437312b5c867f3ecdc6b993e3798b710c8f3023e948776,9.66508E+12
16/2/18 8:51,PAYMENT RECEIVED,10075,0,c088c4ae61b7b1640f7c61d21e598c7df9ea92791202c30d5d33d1e131bdcb22,9.66508E+12
16/2/18 0:48,PAYMENT RECEIVED,10000,0,b93f58edf4f66e6f88ed649825c01f160d8318239696f34b8af55d7acdafede3,9.66508E+12
15/2/18 19:15,PAYMENT RECEIVED,49425,0,2708d0b8a91c834beafe06cce53e87c2b37735da613f422cbe30974f7ff66e20,9.66508E+12
12/2/18 10:45,PAYMENT RECEIVED,4.08856E+11,0,1edbfbb688b32c2077c65172e2e2770f7a9c18ac14df75866857ecc25c968390,9.66508E+12
12/2/18 10:45,PAYMENT RECEIVED,1E+11,0,7e56b75dafb98877a4c6b3a52f04e503865a815d143964ca3e33536477069664,9.25623E+12
12/2/18 10:45,PAYMENT RECEIVED,4.10178E+11,0,510163b3cade8df48c412cac2582b4bbe0cfdacd67fc97513b2f750a49d766d5,9.15623E+12
12/2/18 10:41,PAYMENT RECEIVED,10000000000,0,28338aba5da70bf5583694db39ffad27f47467995aced0637cf11571b9940e14,8.74605E+12
11/2/18 2:37,PAYMENT RECEIVED,604,0,b6e2968af695b481d5f1fd8b635f707e1c9ac8966144e6591a65ceddaa50f8b1,8.73605E+12
10/2/18 19:22,PAYMENT RECEIVED,59756,0,d50c6ccdddca1d135434de2509afb161c8873b5d2f9591d3b19a5c33336df8fd,8.73605E+12
9/2/18 8:55,PAYMENT RECEIVED,4.30384E+11,0,d4b4a8257a3413c2764b73360c79becae4e87f233b9fb3803a3d3c3e9109e7db,8.73605E+12
9/2/18 8:37,PAYMENT RECEIVED,6.61075E+11,0,7e6fd879714b6766a8834b470d232c3bfc92b40c9a9a4766887292517464ae02,8.30566E+12
9/2/18 7:37,PAYMENT RECEIVED,2.00453E+11,0,9979374cc05ba88e1e22b50575f93f912748ee0c078c48e5f96c5c7a21f23b7f,7.64459E+12
9/2/18 7:32,PAYMENT RECEIVED,3.01454E+11,0,f60bb680d4b11a800fa72597dcd21eb803184f064bcf0bb7fb64c2d55d991c42,7.44414E+12
9/2/18 7:32,PAYMENT RECEIVED,4.02524E+11,0,911b59009cef6abf64cc3c1b88e67a71af75f542109af146553841b8d2175469,7.14268E+12
9/2/18 7:30,PAYMENT RECEIVED,6.04448E+11,0,ff528f2692a567047fb81a4d6dbc6fe50a347958e6ee831c449c2db5b1813f41,6.74016E+12
9/2/18 7:30,PAYMENT RECEIVED,1E+11,0,9583ff07b8dbda3c6b280b855bf990d53ea91b824e2e7b6df9f4aa0f50d07e8f,6.13571E+12
16/2/18 10:45,PAYMENT RECEIVED,37772,0,47b52e7d4f9e24f32a05acf45119366f618a9287bf447b0964f8c87e402bfcd3,9.66508E+12
16/2/18 11:25,PAYMENT RECEIVED,10000,0,9e74072bad2e0cfa54083b4e7307e507a5ffde4709786f9cdef90f97910ddb2d,9.66508E+12
16/2/18 23:30,PAYMENT RECEIVED,19664,0,33bad642e9d5a5ee3915f99c43051bc6832a41a424212183064a4ca76ea30cd1,9.66508E+12
16/2/18 23:30,PAYMENT RECEIVED,777,0,8df5ba41d73741e9f5a795128efb6811f2b78c8c5d76df3c7c09494adf092c34,9.66508E+12
16/2/18 23:30,PAYMENT RECEIVED,46692,0,0608e18ea2ad0bab37a4806ff4b76c5eb2fc89c3531c70eda08079f29a731f42,9.66508E+12
16/2/18 23:30,PAYMENT RECEIVED,57721,0,741e5f102c33e8228e44a9e46ad70177939aae1f6f6013a9889994f9b3ffcd69,9.66508E+12
16/2/18 23:30,PAYMENT RECEIVED,31415,0,a85d94e72585a6725f01e3357b562b9a1f300666424893e5e142d7ea250cd2a3,9.66508E+12
16/2/18 23:18,PAYMENT RECEIVED,777,0,84a0e6218906b85f9eee0a736e12e1612b1acf08567f971b23138097c3eda530,9.66508E+12
16/2/18 22:01,PAYMENT RECEIVED,10989,0,f62a20e988da8555e73f1fcfe543269a224bb238933a95d913f2146a733ab208,9.66508E+12
16/2/18 21:52,PAYMENT RECEIVED,123070,0,0bd1697f3df5e999245d1f78b0c4a7c5c65f19c4f128076d3427111f5bd7f6e5,9.66508E+12
16/2/18 21:51,PAYMENT RECEIVED,7138,0,56c25cc2a86fd59ddf5bc9fd8638c667cfe6d2da7b81e2466cb2b8e9e705b7d4,9.66508E+12
16/2/18 21:41,PAYMENT RECEIVED,69300,0,05b3c9a3437fb83998f88aecd93efa0185aca4872ccf0a4a26187a43dcc755a2,9.66508E+12
16/2/18 21:03,PAYMENT RECEIVED,100000,0,475ae160726efa0d0223481afa5737893c13b141691f335a879a0aecf9b4d066,9.66508E+12
16/2/18 20:14,PAYMENT RECEIVED,49776,0,3f5d53cc8385fa0ff7425c0221ce90db50c5975880434f27c00ca243edfd92ed,9.66508E+12
16/2/18 19:21,PAYMENT RECEIVED,10038,0,281f47e176882c8f0e3c0f6d8d71d38f039362408df4041c30f6b71bc9af222c,9.66508E+12
16/2/18 16:18,PAYMENT RECEIVED,1000,0,ddcf024f7a481b951b7d60d38e95bf6551dd335a29e7d2a38e05f33a4b7e1b62,9.66508E+12
16/2/18 15:03,PAYMENT RECEIVED,287894,0,07879b0d35061cefea6e8824bfdb6beeec8940562dc0c3599b6604cbd0153581,9.66508E+12
16/2/18 14:56,PAYMENT RECEIVED,2651,0,ca8436a512e8721e64e4d2a3a493dee80fa4c7a3fef8ab85c9466b3be2bef344,9.66508E+12
9/2/18 7:30,PAYMENT RECEIVED,5E+11,0,58aca6434243f7cecc41a34bd0641614f84463b67435e800b33038493ce1ac52,6.03571E+12
12/1/18 13:16,PAYMENT RECEIVED,2.07302E+11,0,b7c651a6edbf25665818423a2e9febb8d37dc65fe04a33e3f9b1d4d15eeedb03,4.60732E+12
14/1/18 2:29,PAYMENT RECEIVED,6000,0,de7a127f67b4650a7cdefc35b6b369fab1155ba3559a85594c19fe5d06a0fb2c,4.60732E+12
14/1/18 15:40,PAYMENT RECEIVED,81095622212,0,ad53639ffc97c75cab2afa51c31a4255a2905b96bc053c422ea40c40268f04d3,4.68842E+12
14/1/18 17:58,PAYMENT RECEIVED,1.50138E+11,0,f2fa7e88580583f29616669f9a6123694fb5af60a905240ab0c75dc39b8a258b,4.83856E+12
14/1/18 18:02,PAYMENT RECEIVED,10000000000,0,5218b03e4d1e7a5f5f3379dd81bec430f70c790409c1bbf1c6a12314a4439b57,4.84856E+12
14/1/18 18:02,PAYMENT RECEIVED,3.03319E+11,0,3feece816869395684423af7eca5307e9efd2d3137041dac9f25940ef7d3a131,5.15188E+12
15/1/18 3:28,PAYMENT RECEIVED,50691188386,0,522572187483066fe79139fb56954d3cb82bdf7bd1d8a1f36a0cab3ee4d4e650,5.20257E+12
15/1/18 3:28,PAYMENT RECEIVED,2.00752E+11,0,96f61e79a6c22a55c69dd2f598e425ca9e14685248c40aeb515a95d5d5c9a04f,5.40332E+12
15/1/18 14:57,PAYMENT RECEIVED,1.32393E+11,0,1a3c76bca5c422c2996d518ce027294ad85c9eb0f5558530b69bb971d0325f05,5.53571E+12
29/12/17 0:38,PAYMENT RECEIVED,11700,0,10f37d1351bc962b585fc26dc67ad70a796b6437a829c337baff2e43010f3b05,4.40002E+12
13/12/17 13:42,PAYMENT RECEIVED,58198640345,0,9cbf72b49c338f74587ec9c53b56c6dd837ad4dc7ff900dfd675e5d4f1b14a94,3.60147E+12
13/12/17 13:42,PAYMENT RECEIVED,57920034966,0,66f4566eaf6e2cbd03c50e3a72903da9d76f2e383e733637973eebf9c064a8cf,3.54327E+12
13/12/17 13:42,PAYMENT RECEIVED,57521494408,0,b4c4dfe1818b378fe555e019ccc214b67c5ac794cc84bfd73ed8df5b16bfca67,3.48535E+12
13/12/17 13:42,PAYMENT RECEIVED,59035956510,0,104cea0d0eda969081af050958a722453f6d2a202ca9805dc6861826ea0022e6,3.42783E+12
13/12/17 13:42,PAYMENT RECEIVED,58435488885,0,0da07868018143c69550b3eb5f94778c7b68cb6958b93599701310ff7cd35a06,3.36879E+12
13/12/17 11:36,PAYMENT RECEIVED,50644162020,0,e5f764e5181c41e6827602d65e5aa283ea1b82fb8dcd2c9bb08ad9314aa60365,3.31036E+12
13/12/17 11:36,PAYMENT RECEIVED,40951914445,0,2ccf7c26384ce92d6a460c23b5d58ac6705bb70a201aa4620d82987197482d2c,3.25971E+12
13/12/17 11:25,PAYMENT RECEIVED,1.00458E+11,0,50a1e00959c2d6a122f47bbae02929c4f65b983749995683700140881334a487,3.21876E+12
13/12/17 11:25,PAYMENT RECEIVED,1.00408E+11,0,d62438bcecd86fff18c0e6a86abd07ba6229f4da6423c447bb4f19fa2fd0cca8,3.1183E+12
13/12/17 11:24,PAYMENT RECEIVED,88416951216,0,a93d9a36ab2f6fd924f2444115ba466f475f9f26ce70a584cec8c730bdd626c9,3.01789E+12
13/12/17 11:24,PAYMENT RECEIVED,85488985869,0,8c79285a98a77dc4deb089c9b7e9e3e1037564c987e8c5c28633fc49d0f2d655,2.92948E+12
13/12/17 11:24,PAYMENT RECEIVED,1.00901E+11,0,5c8c0ed6e0fc5042d91a8b0e65c42ada7a320650453465f0d11c96de0e16ca69,2.84399E+12
13/12/17 13:42,PAYMENT RECEIVED,57995011189,0,3eca83c873d9d9c06ead19209769fcb9c02a819d87ef4830c39db99905f54be2,3.65946E+12
13/12/17 14:08,PAYMENT RECEIVED,54337892496,0,a7d8e597d8da4c304acb5b30f7e5178d050a7090000afd1ce036cedcf3688f50,3.7138E+12
13/12/17 14:08,PAYMENT RECEIVED,50009455409,0,c9c8d93e2a47d6e186ceb59027e996019e837ebb32d1dd3566d7582faf4d6137,3.76381E+12
21/12/17 14:04,PAYMENT SENT,0,-3.02671E+11,66cd72a8961f8e3edad5b4ae94d85d9711e38beabec9aff9d750c687f6f064a8,4.40002E+12
20/12/17 2:55,PAYMENT SENT,0,-1.60001E+11,06de24e912484b13e088d90fac039979edf79d8d9009972c1a9a513216636a61,4.70269E+12
17/12/17 10:16,PAYMENT RECEIVED,1.30596E+11,0,d88e9db387e9f22ade53c4f276f72622571a8c4aceeede1fc72d6e732c15de45,4.86269E+12
17/12/17 9:41,PAYMENT RECEIVED,1.41661E+11,0,1b9a54b66d4b8f3e5c032a5bf0ac20c04b57592e5dde47801c3f2ab6b6d7b409,4.7321E+12
17/12/17 6:31,PAYMENT RECEIVED,1.04992E+11,0,69a1030bc3fa681ea1be32d5fc7bf95be324cc0201a2ce032128d6846e9af2bc,4.59043E+12
17/12/17 4:32,PAYMENT RECEIVED,3.02674E+11,0,9da2db83e7de4c535e46d9403a1e2dbe7be5274ecb358d09906f22cacfcc1268,4.48544E+12
16/12/17 8:33,PAYMENT RECEIVED,84989530721,0,bf15d42ca72d813f5c65268f5bcd558d2ce866967649c1d47e1f23101013ee20,4.18277E+12
13/12/17 23:41,PAYMENT RECEIVED,1.00046E+11,0,2b63cb23ae8da60fa916d67f9e5367aff594016d3cf9c68f6d1f8bca074f0f39,4.09778E+12
13/12/17 14:08,PAYMENT RECEIVED,59961511579,0,b019acfe74097ff9106b90badacddefc2710eb02e64cc607398a95173f47585f,3.99773E+12
13/12/17 14:08,PAYMENT RECEIVED,53229315841,0,d78d02657f5a0359a184b521f19be6bd92bc1b4594c628d6bf685763141c8dcc,3.93777E+12
13/12/17 14:08,PAYMENT RECEIVED,60755099547,0,2a7b3d25a12cfb1a88e5305ef8f8567f8780634a416e694012a45a6531ea148d,3.88454E+12
13/12/17 14:08,PAYMENT RECEIVED,59978906200,0,d9d7a199f46e8b7fc2753c44d9b85252be64a01f041ccc0650512d19102d5044,3.82379E+12
13/12/17 11:24,PAYMENT RECEIVED,65079449180,0,f5e5f20f3d4f740740d12a6cf75edaff7566d95679a82f61057cba770b5760d4,2.74309E+12
13/12/17 11:24,PAYMENT RECEIVED,61200798564,0,e72f79a8299ecb0942c1afffa0ab6588c29ed64e20c6fe9e62f3eff1f23b455d,2.67801E+12
13/12/17 11:24,PAYMENT RECEIVED,51161600510,0,6e93f8aa167f4ad7a30b6c3120a5e8cacf263e344e3ad585d3fe341584a7e026,2.61681E+12
13/12/17 7:09,PAYMENT RECEIVED,71846615073,0,69c285ef1aa8c91278582cecce857063b53d752fd3dfaa187683b28a1093298f,1.18946E+12
13/12/17 7:09,PAYMENT RECEIVED,62991541641,0,8d4461c1528e9b46415c0beb14fbe19ee20ea1edb010ab5b985a157cc65ee48e,1.11762E+12
13/12/17 7:00,PAYMENT RECEIVED,1.02353E+11,0,9062f294e29d1764192082755326e7249337c24db2ae1857fad85ae692463dec,1.05463E+12
13/12/17 6:16,PAYMENT RECEIVED,1.31374E+11,0,b05dc584c06fa39f66a7509902d8fe0d79c6dd380414140aee3c1f84e1351042,9.52273E+11
13/12/17 6:16,PAYMENT RECEIVED,1.01821E+11,0,586f881f8bd440a2fe87e45e9c84c45b70bbb9985feddd34892cd7cc256b849b,8.20899E+11
13/12/17 5:43,PAYMENT RECEIVED,94926204209,0,667928d46c1ccc64f1fb263262d40d4450b67b2157d07f5e28dd104bc18c7822,7.19078E+11
13/12/17 5:42,PAYMENT RECEIVED,1.09992E+11,0,302d2c30484cd58f394f6916d4d84bdee1747e30223c95c58849d398c80ba389,6.24152E+11
13/12/17 5:42,PAYMENT RECEIVED,1.09997E+11,0,3d75e03984a3a9e5ce7df44fe80461a3d15566cfc6468ef08b09b40ea01ab9a8,5.1416E+11
13/12/17 5:33,PAYMENT RECEIVED,3.03739E+11,0,b2e26b0b57b7b7dcf8b749dfeab4de70b9b6956e52f5376cae24dfe286d14214,4.04163E+11
13/12/17 4:48,PAYMENT RECEIVED,1E+11,0,d9262c83e5c48ab315f3acd45a28b81dce89e48963ef60850e64d776f54ed2f8,1.00424E+11
13/12/17 4:48,PAYMENT RECEIVED,300000000,0,72485396f0294b04711bee333ceb5e5bfd6690bd0bd4a347fc077c05388f976e,424387185
13/12/17 4:45,PAYMENT RECEIVED,99800000,0,72848f16fd84c2df3672a63db58700488728f06d1c1726d418839d9d4265731f,124387185
13/12/17 7:09,PAYMENT RECEIVED,70492096984,0,e87926059695d4178832f9fa11433cde8863b18cf8662117ec2d7f3b74c983f0,1.25996E+12
13/12/17 7:09,PAYMENT RECEIVED,65999032686,0,bd6015674afbf8bbd56f32e7786036ce285bdd0b5b2abbbfe9027d4d6cdcdb0a,1.32596E+12
13/12/17 7:09,PAYMENT RECEIVED,82748367690,0,06ac3ea4e19906f8773055b88721cfabab5e86425edc6fa654898af91d9fe032,1.4087E+12
13/12/17 11:06,PAYMENT RECEIVED,90555674626,0,24f55a554b9e1f3684358930c3161f6a9970c5cf1cc397789349e1c004f37b74,2.56564E+12
13/12/17 11:06,PAYMENT RECEIVED,1.10537E+11,0,71d19cde185ac5a2535f612e80ed15919b3ccc4f97bacf0cc9a513e22e57be3b,2.47509E+12
13/12/17 11:01,PAYMENT RECEIVED,1.11951E+11,0,e8c592b0c90a12f6d7679fb3628cecc53dba09e31cf5e1465c9a774e6810f1f8,2.36455E+12
13/12/17 11:01,PAYMENT RECEIVED,1.1186E+11,0,bdd4b8ed10ba3d039ec18e5d71c88ac07de574912b10874a775eb39a17047f67,2.2526E+12
13/12/17 11:01,PAYMENT RECEIVED,1.00244E+11,0,cb298172eef67c7ef4faae8b1915e9558aec5f40996dd7ef7157c61b77206a1c,2.14074E+12
13/12/17 11:01,PAYMENT RECEIVED,91307609937,0,1dff115907128267721dc33ccc56e26040a43b116c82b90182323f22ea0cc767,2.0405E+12
13/12/17 9:59,PAYMENT RECEIVED,71858654987,0,5787b93eeefd5ba1e9b8271ab0494e8c094b8f31162172613fc5211048e90d18,1.94919E+12
13/12/17 9:49,PAYMENT RECEIVED,1.00822E+11,0,7dd8341c5560d6b6849788ac5ae01b3dd0ec141617a9c89759ee61ddd8d5617c,1.87733E+12
13/12/17 9:45,PAYMENT RECEIVED,1E+11,0,d6610df9ef18e7ff68275d586588a6e5a377635f87b1669108be5d50fdb5c766,1.77651E+12
13/12/17 7:17,PAYMENT RECEIVED,1.12871E+11,0,4bf9a955b59af3f80152fe9003dea0bffaca354c0267baaf6a1b3116c827cef6,1.67651E+12
13/12/17 7:17,PAYMENT RECEIVED,77954520667,0,5c14e7688d06060d70fe93597869caeda1952fd5d7dc26d848ed2eed5f19f01f,1.56364E+12
13/12/17 7:17,PAYMENT RECEIVED,76979494816,0,dff2193d5e1e6a1e25edadfec041839b242e4effdd92b3d3076ba0b418ebe6d1,1.48568E+12
13/12/17 4:21,PAYMENT SENT,0,-100300000,72143192c7afa6e7ba0daf9854fc60d8dd0af0b77c28732defdf1bc88187984b,24587185
7/11/17 8:58,PAYMENT RECEIVED,124809124,0,9b9d74bde9f6073473d3fc24aff3dadad78fedb71f2892a4e92c1b4adceb3064,124809124
7/11/17 8:58,PAYMENT RECEIVED,3000,0,c8da7de6334dcdda06f11793c1c0e3ed09cafc49d240c1fbe286986bb9dc3ba5,124812124
7/11/17 8:58,PAYMENT RECEIVED,4.57157E+11,0,cb7abd706c8021ebb956d2763790532e2d9970c399c4e2ed5b1ae6f7949c57f4,4.57282E+11
7/11/17 12:07,PAYMENT SENT,0,-4.57157E+11,4c82ecfdc31c8e46af6ff1a5630fdb4fcd785fcc35531b5b912dbee921599250,124887185
8/9/17 16:41,PAYMENT RECEIVED,1000000,0,fa2f16ac4cea1a13a3b3f8668f727590f41ce992f56a7db032d4238c89ee4ecc,1000000
9/9/17 11:18,PAYMENT SENT,0,-1000000,798d003bee07461f2ade019f0b344d644b1bb9678fbe5cf1e836d808e6761901,0